date,title,entities,source,label,score
2025-06-24,Live updates: Iran-Israel conflict: Trump rebukes both sides hours after ceasefire - CNN,"['color=""#6f6f6f"">CNN</font', 'Iran']",https://news.google.com/rss/articles/CBMiiwFBVV95cUxPd0ZqYmxDMjR0ektLN0poSjJ3d0FMWjRqUkFqU096SWg0Q3p5ZERYVURCNTA5SEIybHd4c2F5SzBpeTVXQlFKRWoyOUM0OE1nV0NFbmsyZ3VhdlpLOVdSLVVzNHM3WXBMQlJnR19Kb29mVnBVb2NiRUFPSnBrMzdOd21NZkNqNXM2R1JV?oc=5,NEGATIVE,0.9072062969207764
2025-06-24,The fighting between Iran and Israel raises questions about Russia's influence in the Middle East - AP News,"['Israel', 'Russia', 'Iran', 'News</font']",https://news.google.com/rss/articles/CBMipAFBVV95cUxObkhVSEd3MGVCaG9sMmtmSkM1ZzRCZDhaSmZlU0I0WEdtMTJkMk0yemVGQ2VYeFp5MlB2ckNPYldEN1lCMUU0OHdfWThFYWw0enBpcFV5YWZZQnF0RmtqN3ZINWNhQnlzSnl2YTA1aTFRVF9PaWxIdVFIRFdwaGhmdFViamtKR2pWOWFzeFZVY3A2b3RiNVgwbXlWVlg4ZlJ2VFNHeA?oc=5,NEGATIVE,0.9198486804962158
2025-06-24,Israel and Iran agree ceasefire amid waves of missiles - Al Jazeera,['Iran'],https://news.google.com/rss/articles/CBMimwFBVV95cUxPX3BCSS1xalJzeU1vbkI2aEFkMkNhYTQ3YXYzNm9KX0NkYjNDdG9IMklGbUxvbkRBbThIZjYtbjlxMEhmLWhxVmM4QTJOQlFoZERpYXJBSC1OVGdDbW9vQ01LVm9HUzFQOG1sZWMyQUMyemFKUjdRdVRpajlYYVRnb2wwb0lTVGtlSXlvUDlNSzVOVnJ0WnZ6VnJPd9IBoAFBVV95cUxQenFaN0tFNkFkZnpXdzA1dXV3Z0M4d0FnMXlkMWhfc2Q3aFVUNHFmbmZTLU1FeFpVdVJvYWVBY0NmWUU3ZEVyRmI0WDZJdEhxT2FIV05RZlB2U2FOVVB1c1ZjRERpX2xhME5pQ3B5eDNWWmhjZzhwWkQwX25VZjBSUW5hdlhqYjRWMC1VZmQyalRySXo0YU5qbThKZS1LX1RW?oc=5,NEGATIVE,0.8436781167984009
2025-06-24,"A majority of Americans disapproves of Trump’s Iran airstrikes, CNN poll finds - CNN","['Trump’s Iran', 'color=""#6f6f6f"">CNN</font>', 'CNN']",https://news.google.com/rss/articles/CBMifEFVX3lxTE1fWk42UUVRLUYzaE5tT1lhSFREXzlQMV9yZ053S09WaDl6cW8zVEx1UHhhV21tNFczaHpTTlRaaVgwNjZlTlhDc2JDaGdSTUJnQVp2cklMcS10NmZlWVNqLVdDZ1dmUVhCVXQwODZIeEdEYnE4em5hWDc3Rk_SAYIBQVVfeXFMTVY5d1BXUllYQU4xcEtSSzZ1VGtZNmdRYWRsMEROdVliOGJMNEJmZDRTb05NNFZJMjFfU2hVT2Y4eWtKT2JqMGdFckFmMGJyRlNjanc4RXdMVjRvdkNScks2MzJKNDQwTGp6MGp6Z285cWNHd0Z2dlBkdlpLNmcxSnFlZw?oc=5,NEGATIVE,0.9758251905441284
2025-06-24,"Israel vows forceful response, says Iran violates Trump ceasefire - USA Today","['Iran', 'Trump']",https://news.google.com/rss/articles/CBMimwFBVV95cUxPclJwNkpCSFFJSmFPdHVueGJmWkxzc2NaSWl2b0hmYjJ3YTJaY3NaYTBBWTZIYkVhVjlFVkNDRVZqRGZhWldxc3NGQ0FUNDJxR3VFLVJGckE1eUgtbDI2Ti1KNEpHWlhIU09OakZDaHg5R1k3TVdua3hYdE9PN1k1YWhFUUE5RlZPR2hNOGhMUGpUU3ozd0d3OEM1Zw?oc=5,NEGATIVE,0.8166854381561279
2025-06-24,"Oil slumps, shares rally on Iran-Israel ceasefire - Reuters",['Iran'],https://news.google.com/rss/articles/CBMie0FVX3lxTFByTnNqYWdGZkswbTBTY0xBZ3ZZdlZ5YkhwS2ZxbW9Ea0hETWZMaGlyaWhEdUxzQnBoZ1NVdk1Cckk2eEZyYmhSMVpaZGlmaWdmMktPX3RJb1RmOVpzUnhXenFCSGdCMmlXVWRqWUo0Nk5Ua1lmUm9VR014Zw?oc=5,NEGATIVE,0.998273491859436
2025-06-24,"Trump: Israel, Iran violated ceasefire - Reuters","['Israel', 'Iran', 'ceasefire</a>&nbsp;&nbsp;<font']",https://news.google.com/rss/articles/CBMilAFBVV95cUxONzFjV0VrTXB4Ql9oc1AtcE4tOVlMdl96OXFWUWxBUnlZNkJRSHlwMU0tM1p5ckM3UHJHUW5oWU1FWmoyVmdkWUh6OGc0UVFPZmtfazgwM2U4MVctUjNBbldhODdyT0hUdmdnRWdZUHNMNl9aUVpRREZtbVhRM3hhRGx3RHAwVXBGaEV3V0hBdTNSMUFJ?oc=5,NEGATIVE,0.9314598441123962
2025-06-24,Israel-Iran latest: Fragile truce appears to take hold after Trump rebukes Israel and Iran - Financial Times,"['Israel', 'Trump']",https://news.google.com/rss/articles/CBMicEFVX3lxTE9vdFRKVmU4VnpacWZuTzNtaEtYNV9MLS1YbHpiRGxVb090Wmg3YVhTNm0yLTc0RGlmN0RSRTFrY0RFaEd1X0U5ZWVtYS1ULTNWVWIxTThQUmdfbmlwZUZucUFfV1h2bmFtTDVnR2o4YWw?oc=5,NEGATIVE,0.978359043598175
2025-06-24,Trump says he expects Israel-Iran ceasefire deal to last 'forever' - NBC News,"['Israel', 'Iran', 'News</font']",https://news.google.com/rss/articles/CBMiqAFBVV95cUxOSHRwZnhJZ1pINTF6M05iakpkWXd2MmVzVGNWcWxQRkZHbHFYcldQMS1iZDAxLTkyODJiVlcwT3hRN1A2S3k2STU5c184R215RWFsTTA4X2tNY1VHNUxrTDQtRy0tbzZKNXRZbmE2cXBPemg5M3NJS0R6TWx3a19Lc1ExQ1R2cEt2anpWaDZXMzNOaE1PRmJ4alZFNjFSS0VYY1pGaE4xYXDSAVZBVV95cUxPWW9tQUt5STkxTmY0a2tRQ0ZtTF9uWEhYamZZeENHeTJGM25MeWl4WHE0YXY1Tk03OWlTeGhzc3I2NE1tTF9yU0lNcnZPX2Z3dVpZaG95UQ?oc=5,NEGATIVE,0.9917268753051758
2025-06-24,Iran-Israel attacks play out around ceasefire announcement by Trump - Al Jazeera,[],https://news.google.com/rss/articles/CBMiugFBVV95cUxPNC11SUs3SzNOV0NiRlpRYTJUOXdXZDNiVklsYjFrUVpoMEQwV2k4LTBDN2hqNWpqVFVFN1gzem5IM3ZEOVZfdEdoM21rdm5mWGJIalFQVkJ2dGVyVXNVamVDeE1KTGhxTTNYLXdEcy1pSVVnSWhPdEd3dHNQT3B3VXVhRXRSUk9FYU04WVhxT1RtTUdlSUNjdHBLQnJTbTM3TFZjZHZJRVZEU1JWcHpZYmN5UDh5RWlrYlHSAb8BQVVfeXFMTTJaOE1uQkhtVU9fODZ5UUVHWnBtc3FKYnFhMG1MWVJtVGlmbkVHdURwdVhrbWlla1Q4M2pTeERuWV94LWlzaW92Y2pOYzJHd2VuWkVtYWFiN2J2dThpODNRV3VIRkRQUTlYSFpWeUE1U01ETmU5ZVlkQndVdW5sVE9aN3ZkV21KV0FUbFdlMEVDX0dMcEhWMHp1ZkthT3M5b1FwN01DM2J2Vi1kc2ptMjdBbVRKSC1NWDJ3TnFFWE0?oc=5,NEGATIVE,0.9796910881996155
2025-06-24,"Palestinian health authority says Israel kills 25 waiting on aid as war death toll exceeds 56,000 - AP News","['Israel', 'target=""_blank"">Palestinian health authority']",https://news.google.com/rss/articles/CBMiogFBVV95cUxPcEFOc3U0WWJiUlIzeFNGZGcyWENIR3dILXFocEtvVmtkUVkteFNBamNsNVBzVHNybjRId2U3LTgwQ3pCU1l1VWYyeGlYaU9SenhzQ3JvZWhzV1p3VHR6VGJuN01BZklhY3BrVnM3ZjBBOEFHQVpaaGdxUHVXbUJSTGxub2F1VnNRUVdteTZEU3doaDk2eWpKaUo4djNGRUk5VFE?oc=5,NEGATIVE,0.99440997838974
2025-06-24,"Israel, Iran enter shaky ceasefire - politico.eu","['Iran', 'ceasefire</a>&nbsp;&nbsp;<font', 'CBMi2wFBVV95cUxPWlV3RS0tLWdOb2xXSFo5NDlEQzMxcURITEVVMXJ5NFpTMXJsbF9UV1doMFNyaERQRUl2ZlpDQVdtUk5OYW5JUUhpang3OUpEcjk4ektJemphbEVKSXZabWdCc0YyZzA2aXlSN1Via3NUX0Y0TVBWTkVtdjh4dHBQY3FkbXBoWHNySzRrX2FoVHlKNGdHVll2TUk2WHhYeFZvTWl5OU12S0tRampwaXZOVnV0OHNuWTdBTzNCREdjTVVCOE10ckR6dFFBN3NjNUEyWXpRNG1uaDJFSk0?oc=5']",https://news.google.com/rss/articles/CBMi2wFBVV95cUxPWlV3RS0tLWdOb2xXSFo5NDlEQzMxcURITEVVMXJ5NFpTMXJsbF9UV1doMFNyaERQRUl2ZlpDQVdtUk5OYW5JUUhpang3OUpEcjk4ektJemphbEVKSXZabWdCc0YyZzA2aXlSN1Via3NUX0Y0TVBWTkVtdjh4dHBQY3FkbXBoWHNySzRrX2FoVHlKNGdHVll2TUk2WHhYeFZvTWl5OU12S0tRampwaXZOVnV0OHNuWTdBTzNCREdjTVVCOE10ckR6dFFBN3NjNUEyWXpRNG1uaDJFSk0?oc=5,NEGATIVE,0.9851469397544861
2025-06-24,JD Vance suggests Iran’s uranium stockpile is still intact despite US strikes - The Guardian,"['Vance', 'Iran', 'US']",https://news.google.com/rss/articles/CBMiiwFBVV95cUxQVUR3cndkWHJGNWhDZ1A3dHFadmJUOThfN0FXUGtlSWJCcDBhdFpES3lFRUFYZVpUOFphVnZRUlhhZ04wblBkelg2anltYkRVQXNXem1MUVRfbHdaUmZoaVVwOHdNVlZvYjh5MWRUalBzUzYtNTZScktLcl94TWxBZ0tLRGUtWWZZUW04?oc=5,POSITIVE,0.9898321628570557
2025-06-24,Why Trump thanked Iran after it fired missiles at a U.S. base in Qatar - MSNBC News,"['U.S.', 'Iran', 'Trump', 'color=""#6f6f6f"">MSNBC']",https://news.google.com/rss/articles/CBMikgFBVV95cUxOUUM1SkgwQmVmVVZULVFpN19zb2hEaVltY3pWOWRGUnYwZDVLVDZiSDV1d2pWYW9vV21aNDEyQUZrajZ2YWhJbXdMNlkwRlZRZGRkd2k1TGdtYU5qdVU1WnZxWVh2OS10V2dIS2w2TFlFa2I0MWNOWEZ2eE5sUUZzMFNEUVpkLTdITGVFbXVsalBYd9IBVEFVX3lxTFB3OGVCeUJrSlF3NUhxelg1amRJSVZkcHg5LXVLVXYzOXk3LTJFdTVQTUZGQXdEQlowbzZsSFdSLTczLTU0R3BvbVF5aUdBUDdtckhRLQ?oc=5,NEGATIVE,0.873235821723938
2025-06-24,"In foul-mouthed tirade, Trump savages Israel for striking Iran, says it violated ceasefire - The Times of Israel","['Israel', 'color=""#6f6f6f"">The Times of Israel</font>', 'Iran', 'Trump']",https://news.google.com/rss/articles/CBMiswFBVV95cUxQWGwwMUYxM1JLajRGWlhwODFGT1RnWi1WV2xwYjVlQXNGcHhqbS1rTFBSZ0d6UnF6eFpGOE9JeHJ5NHptV0ZpT2s3WVp5NVlWWEF2dkxMZUxReTVnelFxLWE2TDZYTmNiMWJIVHo2bk5uXzg2Q1FoSFE0ejBRSnViWDNNSmdHOHdzVEpFMVhTVmFhYUxTNEtMNkJnVWRzX3JER21ackZqWlNicEl3bWc4YkNESdIBuAFBVV95cUxPdGdzdjEzQ0I3NmMwNzdnQU44cjRZLVZsM2hTSjlyaG1xV2dyUzlVbE5iOEVHckN0bjJFNGM3X25Fb2QzTG5xMncwT3hBcl8tRVJCZVpRTnFrQ2FnZVRiY1RDd1E1MkRub1RoS2t4OWw1RUhJdHY0eWZoZFhXWC1YNVZsYW5pZ1hudnJKNEo4cTlTd2V2X0RtbUltems0VmstQl9jRmFpQWVYVkxPLWNjMlNWcDVIUm9n?oc=5,NEGATIVE,0.9985234141349792
2025-06-24,Oil prices tumble as Israel agrees to ceasefire with Iran - BBC,['Israel'],https://news.google.com/rss/articles/CBMiWkFVX3lxTFBjUU9IVExpOElaLUxKdVY1cC02T0xIY1RFaWU1TG5yV0xlaDYwZDFqT09zREZjVW1OenFaMFJNekhvaTVEOXAxanhnTDcxaGppbDYtYm5VWXVjd9IBX0FVX3lxTE1WVmZUZVdVSkhQZUpDNUxwMk9RUkVjVF8yYmlHQU9NR2FQNHlpUXU2b04zNHlvMW42ZUR0UlhNMlhNTFQzUnloVHNCc3phLTJBcDRDdVp6enVaSmR3d0Rr?oc=5,NEGATIVE,0.9991142153739929
2025-06-24,Live updates: Israel and Iran enter shaky ceasefire as Trump accuses both of violations - The Washington Post,"['Washington', 'Israel', 'Iran', 'Trump']",https://news.google.com/rss/articles/CBMikAFBVV95cUxQVnFjRHNCakdsSEtoTzBUMS1CbXhialExdE1JYmc5SmJSeGdMZjNabXYtRVdfckUxRy1hVGhYVGphOTlsaWs1REFsNDJubHdSUXFxYWZFM0lTX1QxUVFsM0twVkRiWi1hUXppRXNwR0k2ZnJMd21WUDRxNGE2b2NqYzlJdFE3Q256VUMtWW1uaXM?oc=5,NEGATIVE,0.9912464022636414
2025-06-24,What to Know About the Cease-Fire Between Israel and Iran - The New York Times,"['New York', 'CBMimgFBVV95cUxQRWhIeVZjdDlqcEszYy0wTVYzWlpZM0c5VHp0NVNKUVl0Sk9Cd2pTUTQ0bUxuNUFXeEdpc1BPMXVmbDU0TVctdFZEbGcwekNHVGQzVUdaYkNzaXVKdVZKMUdKQ2E5YUN1ZzdNMnd1TmM4NW03dDhqUlAyY0ZCSDktakFyLWQycmpYcEh1YlpWTW9xZHBVS0tRbjNn?oc=5']",https://news.google.com/rss/articles/CBMimgFBVV95cUxQRWhIeVZjdDlqcEszYy0wTVYzWlpZM0c5VHp0NVNKUVl0Sk9Cd2pTUTQ0bUxuNUFXeEdpc1BPMXVmbDU0TVctdFZEbGcwekNHVGQzVUdaYkNzaXVKdVZKMUdKQ2E5YUN1ZzdNMnd1TmM4NW03dDhqUlAyY0ZCSDktakFyLWQycmpYcEh1YlpWTW9xZHBVS0tRbjNn?oc=5,POSITIVE,0.9871548414230347
2025-06-24,Trump Narrated U.S. Attacks on Iran in Real Time on Truth Social - The New York Times,"['Narrated U.S. Attacks', 'New York', 'Iran']",https://news.google.com/rss/articles/CBMihgFBVV95cUxNSkZVaHlZdjM2VDJ0OXVqbk9iZnBJN3ZsUXZscXJ4TWhwd2s2OEVmaDhBRXhCZjFYSWM1ODNNNHFTNDBSaTViNUN4bHdIVXdPNnZqTHJ1SU4zSHFvX1dsdTlKcGFxeVZFWkVJSEtxVGRQY1BUX254dDI2by0xQ0Q3T01tbTVVdw?oc=5,POSITIVE,0.9937623143196106
2025-06-24,Trump says he's 'not happy' as Israel and Iran both claim ceasefire violations - CNBC,"['Israel', 'Iran']",https://news.google.com/rss/articles/CBMiekFVX3lxTFBGN2thYnllOUhXaVpIclYtdlMxbXpiSFpHZy1UZkhUWHhvQWhtbVBDWVllWV9GVDJuRTE1WlhjSUhQOHhOVDQ3UFFTa0xzU3puU0ROSWpkclBIWVpfN0xHNHlBam1RTkVGTnpfelRDaF9zLUJtSFc2Z3BR0gF_QVVfeXFMT3VTV1RlbHZ2aGFOcU9rQ3BVTmhqRmxVczhWUmdBb3o3dGNtS2NKWkhRQ2l0SjFqNHAxMWpodVkzVjZobFdTWEJmUnlhMjRORGl2V01ucGt0NTRpV3VtYjdxc1VJS2NESTRxcV9LS0tSaDRsakRubXZoX3NlVlB3Yw?oc=5,NEGATIVE,0.9991936087608337
2025-06-24,Ceasefire Collapses as Israel Accuses Iran of Missile Attack - Time Magazine,"['Collapses', 'Iran', 'Israel', 'Missile']",https://news.google.com/rss/articles/CBMigwFBVV95cUxQbzhmRnkwLXUxc0RvZnZkRkR1UnEtM1FXZjk3cTRFZkFtTFV5M1dROUZKMjZCRHEteGk2MTNfb2ViUzhwSldIdVo5amZ3T3RFeWRRUmV5anF3LXllSktuVU56YU5FZkhDZnVtVjdOaEVZRTkxdWE3d2VqejVrTGg3MkFGNA?oc=5,NEGATIVE,0.9995224475860596
2025-06-24,"Iran, Trump announce ceasefire is in effect; Israel yet to confirm - NBC News","['Israel', 'Trump', 'News</font']",https://news.google.com/rss/articles/CBMixgFBVV95cUxOWFlFWXdWc0FYMkdPbVd4ajNhbkNfQ21iZk1XaEJKUlJLaEdFQlVyNFhFWFJNV3VXWjg1VDB5VXk4X2dFRGYtMThfNmhVMWV4SDA4QzBSMjNKUko3dHhRWnU1M2ZMRlpyV2FDb3ZwVFpIcWxmdGY0TGdsQUFheDg2LXVWTG5EbG41am96Rk1FeUtIZHBDU2w5V0RmYlBEZHZHQ1VXMFdzTUdZdWVqY0lJd21EZWNrQ2tYc3VLZDA4RGZyWm9kMFHSAWNBVV95cUxNUlVWbXZzLWFkOTdlVXN4dTZJSjE3RlpoSmFOU245ZkY2V3A5bnRVSl9GRXNxdld4S0dtQkNNTjNycXFwTS1iY2NfMTFGWFpOejNGX3VjRmdhMGVnRmNXYjdfX1k?oc=5,NEGATIVE,0.9772194623947144
2025-06-24,Video: Georgetown professor on why regime change in Iran is not so simple - CNN,"['Georgetown', 'CBMiqAFBVV95cUxOM0dCRUdkdUFrTEVtTFhVc0Z5WGlRMUFyUVpjb3lsRS15NTcwZEllNmItbWJNOUI4MkI0cjZlbVVwR2tZR2NxTjhoU3ZPMlJFVUwtcmxLTngwSkhDNl92YmV2WHRWaGFRMThncUJ6blFva3cyTnRESWlYcGpRS29SSWNQeVZ6NW9mdTFGQUdUWi1IVnIyVTZBVmxrNkxJbkotN2pRX3gyM3Y?oc=5', 'Iran', 'color=""#6f6f6f"">CNN</font']",https://news.google.com/rss/articles/CBMiqAFBVV95cUxOM0dCRUdkdUFrTEVtTFhVc0Z5WGlRMUFyUVpjb3lsRS15NTcwZEllNmItbWJNOUI4MkI0cjZlbVVwR2tZR2NxTjhoU3ZPMlJFVUwtcmxLTngwSkhDNl92YmV2WHRWaGFRMThncUJ6blFva3cyTnRESWlYcGpRS29SSWNQeVZ6NW9mdTFGQUdUWi1IVnIyVTZBVmxrNkxJbkotN2pRX3gyM3Y?oc=5,NEGATIVE,0.9609778523445129
2025-06-24,What we know about Iran's attack on US base in Qatar - BBC,"['Iran', 'US', 'color=""#6f6f6f"">BBC</font']",https://news.google.com/rss/articles/CBMiWkFVX3lxTE5OWXRORUhLb0F2R0p5R1VHdDBKR1lmMEFPbFl5emhLZmp2US10UDQzY2Z0ZXg1ckJlZWo4dWNrVmpDVHpQWlg3VEllVmVlQXh4LTFrN0ZXX3Y2Z9IBX0FVX3lxTE9RMU14VXVSNDRFblM0R0xKaFNOWWJvQ0hlb3IyeE5xLUxYbUxPdlpCYlpnOGhzcDNwR1k5bzQtZ1FwWi1YTm9fSG03Qno4eUV4Wl9PeTI4TUU3eGZoa0hV?oc=5,NEGATIVE,0.9479146599769592
2025-06-24,Trump Brokers Ceasefire to End ‘12 Day War’ Between Israel and Iran - Time Magazine,"['CBMiY0FVX3lxTE5GandRX3Rnc2hhN01ib3lHcVVhTksteXV2dlN1aXN4aTB6WVRyTmZyWVhZUFA0TjFiOGNZamQ0R0xFN01DdTRHa1pTWVY0Tkw4OTNqQ2VLZUwtQ0RyZE1xN2FCRQ?oc=5', 'Brokers Ceasefire to End ‘']",https://news.google.com/rss/articles/CBMiY0FVX3lxTE5GandRX3Rnc2hhN01ib3lHcVVhTksteXV2dlN1aXN4aTB6WVRyTmZyWVhZUFA0TjFiOGNZamQ0R0xFN01DdTRHa1pTWVY0Tkw4OTNqQ2VLZUwtQ0RyZE1xN2FCRQ?oc=5,POSITIVE,0.9282265305519104
2025-06-24,Israeli defence minister orders attacks on Iran after ceasefire 'violation' - Reuters,"['CBMiwgFBVV95cUxNVHp1OU1HT3hRNko3VzZUQmRORHNwdWZBcl9HM052S0ZGZEs2X0didlZ0NFV6Q3VIcHFaeWZoSUQ1Q28yd2FKaUduY2pCbGxIUTdaeU1OMDAxS3ZVMGNOOXAzZ2U1eVlTQUljanZoUzZCWUFKUk9aZzExLTczOFV6YWNQV2Nxclg5eExQa1JTdU9vcmFXdEFsZEIzTjZVaWJCVmNPQU93TDM4YnNpMjJtVDZnOFh1YkhZUUJUQkZVcGNSQQ?oc=5', 'Iran']",https://news.google.com/rss/articles/CBMiwgFBVV95cUxNVHp1OU1HT3hRNko3VzZUQmRORHNwdWZBcl9HM052S0ZGZEs2X0didlZ0NFV6Q3VIcHFaeWZoSUQ1Q28yd2FKaUduY2pCbGxIUTdaeU1OMDAxS3ZVMGNOOXAzZ2U1eVlTQUljanZoUzZCWUFKUk9aZzExLTczOFV6YWNQV2Nxclg5eExQa1JTdU9vcmFXdEFsZEIzTjZVaWJCVmNPQU93TDM4YnNpMjJtVDZnOFh1YkhZUUJUQkZVcGNSQQ?oc=5,NEGATIVE,0.9939686059951782
2025-06-24,Trump brokered ceasefire in call with Netanyahu while US team spoke to Iran - Reuters,"['Netanyahu', 'US']",https://news.google.com/rss/articles/CBMizwFBVV95cUxNR3FUV2pIVk9WMWdHTlByNXNtenROTk1FUEtDOVc1Z19VTU5leTF6OFoxeUxOb0NfMEpIY3J2TGJ3a3liUVdRU0lYOEpHNlFCZlU0Sl9YU2FBUVpEQmpmQU1Wc2Fra3Y2MG5rVnhreldTamRhT1hXaE1mVkU5dFpmVVJpYTNkTVUyMW92NlUyTTNIcnE5WXZ2ZU9Ud0ZlNnhhSER1VUhKSFFsSUFQVjNkREZuMjJMMGdMYVUtdEJOWGZLSkRNTmN3cFRVaVJDbWM?oc=5,NEGATIVE,0.9076287150382996
2025-06-24,Oil prices fall more than 4% after Trump says China can continue buying oil from Iran - CNBC,"['Trump', 'China']",https://news.google.com/rss/articles/CBMitwFBVV95cUxPbUJIekdaY215QnlIekJiRnRpRmpUNExEN2JPTm9tY1Zwdk5zYnBsYU5LdnYyWTY0Zy04ZVpwXzNwMk5UME9CR05GNVRPM3dPdEZPZmttLWx5cUpGZUEtajZGUUVGejdmelZPQWduejc1b2p1Rlo4dW9xUk9WcUl4bXJ6RWFXNzRfMlpMX3M2b0dXV09qbURiUVNRVjJHcnppUmp4MzZtalpfMWhGTWEtXzlsU3JNSG_SAbwBQVVfeXFMTnhRWjVQbVZRZWJyRFM0bmRYLXlNalVpdVdJZ1FQeHFjS1M2blpJekhFdVhUX1JKOWpmMFZxNE5LcDJLX29VM21fNGI4TDVpWWNWNUVGbktadjlLaUFsY0NuV01nbHVpXzRxdGlQQ0J3UjhGWkJIVXhmWkZlQlBhWjRQZHRHcDlub2RlWWpxT2lDV19xaUFwZHR3bVd6ekZNTjNGRUJqaGxsMFYxM0JQbGFmTEVJTW1rYi00UEI?oc=5,NEGATIVE,0.9994105100631714
2025-06-24,Israel-Iran conflict disrupts Middle East flights - BBC,[],https://news.google.com/rss/articles/CBMiWkFVX3lxTE1TSUlkUmJqeUVIdGY4N0FBZHVtWXduVmlaQldYMUNDbjAtcWYzYWRBRlFVeUZjR19CdFp5UWpuLWpJYWlkdFI5R0U4WlNtTUJsZm0yelZuLXNXQdIBX0FVX3lxTE5UcjRBdEp6dGIyTk0xYVB4N1VYcTRZRTRoU3BySld3SHQyM2NZc2hleU1nbUJJN1hhQWFFV2lobi1ONVFhRjI2NUFMcGNZamJFZmxPeC0wLUNRTXVKSlN3?oc=5,NEGATIVE,0.9966962337493896
2025-06-24,Qatar: Teacher saw missiles 'explode in sky' as Iran targets US base - BBC,"['Iran', 'US']",https://news.google.com/rss/articles/CBMiWkFVX3lxTE93T1k3dzViRXdaOVVXMERPcGRob0hmNXppeERWR2lDcFdQU0R6NEhJVjNSTkUxcE15Y0ViT2JtNFI1aWpRV0ZlQV9NR2Y3OUh3U2tjTTdhemVxUdIBX0FVX3lxTE5XTFV5UFZkNUNZQmRjb0ZuSnc2U2VVRzBRWVdVQ1llU1JUeVNRY1g1WTlQcm1TQzZnV1FzS0U1b09DN0VDcmJDM0gzUjVadUJxWTZ1NWdoTXEwLS1fMVd3?oc=5,NEGATIVE,0.7853118181228638
2025-06-24,'They don't know what the f**k they're doing': Trump lashes out at Israel and Iran - CNN,['Israel'],https://news.google.com/rss/articles/CBMilwFBVV95cUxPOWZ5UnUwZl9vVlN6WHozU1dpYUpzM2d4cmtUQldOT1hoYWhPMFJLTjMxWEhCcE02LTM0d3JtQkNoa19TeFdGVl91azhtY3pNUWtqeElyT2ppZGNwMVRNc0MzcVdzOW90R25YU3FBOUtPSW1wWmFKWVp4YmFHSENLdUhOaFFOTkthMVFxaXB1RVNIU3ExejdN?oc=5,NEGATIVE,0.9985387325286865
2025-06-24,Breaking: Israel claims Iran 'completely violated' ceasefire; Iran denies launching new missiles - MSNBC News,"['Israel', 'Iran', 'color=""#6f6f6f"">MSNBC']",https://news.google.com/rss/articles/CBMi3gFBVV95cUxNeWxzTlFaTDg0QTQ1TV9jbS1OQmlVd0VBaS1VNWhCT21FbEQwMUZpUWYzcFlfVnpUQU9OWVluUkVXcTVPdmJYVlV4TGpKNzI2Tkd1eU1Oa1BZMl83YktTbWNKckhtTzIyYmxpOTIzeTk4WlZ0d2E0OGNjUGpSSkhNWExrVDdwTnl4NlRlZnFNVzNoUG5CWFlfMUFvTExaaFFhUklySjFGY1NLcmFOSjlfN3lOMkhPV3o2ZGd5ZERlTkNOWlpuODV3bDlTOWpHZFNaMnFZZDF4MzBJaDRoMHfSAWRBVV95cUxOajNRdjdVU1RIOEJUTVNnTHhKZmZFa3A1M2plM0t1bTFEV25uWXpPR2ZaWTZKYTJDQkNWVGpnSXpuY2lkWFRlSzU4aER0Z3VNRTJ0c25pTU5nZUo1Q3JUcld0cEho?oc=5,NEGATIVE,0.9333704113960266
2025-06-24,"Was it all 'just a big show?' Anxiety, frustration and hope for Middle East residents as Trump brokers fragile ceasefire - CNBC","['CBMipAFBVV95cUxQREctNlVYRk13Wjl3RTU0OWo4SkNNOFZjNDR5LWRfLWZzbTdPVVNqS2RLRkFvTGJOaHZubXMxSzVSMVRJUnMydERTbW9TcW81b3JXR0JjR1lsTHNvZU4xdVFUWmRVOHJMUkVXd0xCTE1aV3M0OHV6Z3o0ZWhNbDVwOHQxQU1FSWMyTDAzV1h3azRRckpjYm82UmZocHY5Z0EzN18yeNIBqgFBVV95cUxQeEdZd2dYbzZfUVZMUkZxUWk1YXpoTzhwbl9rbnpRUjdzVU5CUkdIZHZCUEp1dGZhMDdSNlNtVTVpazh1cTlfdzkyUk93MW5PT2p1RWhpUFktcXY4aWN4VGVBSml6OHotMmFKeERuZDhaVEhKdFd4Q3d4VjA5NDI2MzZwLUxpVTRqT3VkTXgzTmJLc1VsampWaDVEeXlRX3RzeEptMjhKdzBZUQ?oc=5', 'Trump']",https://news.google.com/rss/articles/CBMipAFBVV95cUxQREctNlVYRk13Wjl3RTU0OWo4SkNNOFZjNDR5LWRfLWZzbTdPVVNqS2RLRkFvTGJOaHZubXMxSzVSMVRJUnMydERTbW9TcW81b3JXR0JjR1lsTHNvZU4xdVFUWmRVOHJMUkVXd0xCTE1aV3M0OHV6Z3o0ZWhNbDVwOHQxQU1FSWMyTDAzV1h3azRRckpjYm82UmZocHY5Z0EzN18yeNIBqgFBVV95cUxQeEdZd2dYbzZfUVZMUkZxUWk1YXpoTzhwbl9rbnpRUjdzVU5CUkdIZHZCUEp1dGZhMDdSNlNtVTVpazh1cTlfdzkyUk93MW5PT2p1RWhpUFktcXY4aWN4VGVBSml6OHotMmFKeERuZDhaVEhKdFd4Q3d4VjA5NDI2MzZwLUxpVTRqT3VkTXgzTmJLc1VsampWaDVEeXlRX3RzeEptMjhKdzBZUQ?oc=5,NEGATIVE,0.9989356398582458
2025-06-24,CNN’s Erin Burnett reports from near the Strait of Hormuz about Israel-Iran ceasefire - CNN,"['CBMimAFBVV95cUxObUZHZlhRQTlHREM3SGJROG5hUVcyM0dneVNlVDBwTk0tTXgwbnlIN01XZmZ2NkN2VWlzaHJHb1hhd0h2TGNScWlEaEUzdlJOa1dDQUZCTjZvaElTNlVjNnNuR3FQN3QteDQxUThnbnkyRW9UVEdrdldiVHJtdEhMWWJLaGtYQ3dCU0xZOXo5TXJPZDRVdzh0cg?oc=5', 'Israel', 'Erin Burnett', 'color=""#6f6f6f"">CNN</font', 'Iran']",https://news.google.com/rss/articles/CBMimAFBVV95cUxObUZHZlhRQTlHREM3SGJROG5hUVcyM0dneVNlVDBwTk0tTXgwbnlIN01XZmZ2NkN2VWlzaHJHb1hhd0h2TGNScWlEaEUzdlJOa1dDQUZCTjZvaElTNlVjNnNuR3FQN3QteDQxUThnbnkyRW9UVEdrdldiVHJtdEhMWWJLaGtYQ3dCU0xZOXo5TXJPZDRVdzh0cg?oc=5,NEGATIVE,0.7404252886772156
2025-06-24,Trump says whether he'll commit to NATO mutual defense guarantee 'Depends on your definition' - AP News,"['News</font', 'NATO']",https://news.google.com/rss/articles/CBMiigFBVV95cUxOaFBrcVFUTzNVN0JQMC1BMUJRcmJXTkdjbF9zVVdkLXN5RTRadWV1VEtfUW1kcUJFNXI3cGRvWU5MeXU2R3lheC1Qa25WSkRadEI0b29CeXEzOHJqRWNMdXNqUVU0MllYVF9RRzVQdmo4QkNFd1VVd09rN0JXMExsQjMydXpBMFplOXc?oc=5,NEGATIVE,0.9941866397857666
2025-06-24,Trump’s Cease-Fire Announcement Catches His Own Top Officials by Surprise - The New York Times,"['Cease-Fire Announcement Catches', 'New York', 'CBMijAFBVV95cUxPWlE1em8wWWRFS2t3VDVLeUZZVTU0MU04MXZkR2V1aWZkZjlhekJEaG54bkc1ekZDRlhScGMwa2toY3dfc0dDV1hPbE9pX0NIVEhGa0g4UW1OWVR4aEM3RGZDekxFejF1VDIwUVFVN1pXV2lyc0RzQkFWZTRGbWJRYUVsZVczdUdjT2ZJeQ?oc=5']",https://news.google.com/rss/articles/CBMijAFBVV95cUxPWlE1em8wWWRFS2t3VDVLeUZZVTU0MU04MXZkR2V1aWZkZjlhekJEaG54bkc1ekZDRlhScGMwa2toY3dfc0dDV1hPbE9pX0NIVEhGa0g4UW1OWVR4aEM3RGZDekxFejF1VDIwUVFVN1pXV2lyc0RzQkFWZTRGbWJRYUVsZVczdUdjT2ZJeQ?oc=5,POSITIVE,0.9991394281387329
2025-06-24,Oil is falling so much it’s now cheaper than it was before the Iran-Israel conflict - CNN,"['color=""#6f6f6f"">CNN</font', 'Israel', 'Iran']",https://news.google.com/rss/articles/CBMiigFBVV95cUxPalhwMnVNWEUyamtXUDFWbmJEd2hoZmxib2d4NkU3SmRXckdhVkRjcWotcUliSWhYblVpcnd3NHVrR2IydFRybnh4OVBDTGZ6Uk9EZ2ZjVXFxVUozS1NQSDM2cmtsQTJuWjctcGd2cjFXbGVIdG00c1NsVEU3b09sQzg3N09GblVnUXfSAY8BQVVfeXFMTzVSNnhEellPVG5iT2l5VWhZSFlwMkx2d3M2aVZEcEwxdDdHc2gzZ2xNVERjcU94X2dlLXdRbXZLdVNaVU1ZTzE2VTM1VU4xNklacWZUVDhfZGVrZUtRVUtzSFVkVm1YM1lBZU0wV2ZfN0g1TTNDZXdIOWp6cGt5WEh3bWNJeDYySVZwLVJqdEk?oc=5,NEGATIVE,0.9990423321723938
2025-06-24,"Trump on Israel, Iran continuing fight: ‘They don’t know what the f‑‑‑ they’re doing’ - The Hill","['Israel', 'Iran']",https://news.google.com/rss/articles/CBMic0FVX3lxTE1Rek5WMjRyRWJrcXpVTGZZT1pNQWpVRHREcjF2RV9Jc2syczNwNmctb20xczBBNHRvTFZNT01ISE1PQndmWW1jbVZCWjdJY21DR1R1ejdJdGliTU1oZVUyNGtyTzZYdktmVjFQSkZsUk1ldk3SAXhBVV95cUxNaUxvWTBhUDVUTjN5NE9GbEhqVjhPOHRnaDNTRGZQS2dyZ004dExKcGYySGwtb25WcHJYTVU0VXcxMGpqclFRcWYzbl9HQ2FicWREY1dmMnp2eG9xbWxkYXFsQnZ0b2I0eUROa3dWeDdybm1HMnhCd04?oc=5,NEGATIVE,0.9841201901435852
2025-06-24,Trump lashes out at Israel and Iran after ceasefire he brokered is violated - The Guardian,"['Israel', 'Iran']",https://news.google.com/rss/articles/CBMijgFBVV95cUxPTVNpbmZVNi1WdmpETlZOczV6V2tMUk5fdWUxSjZvVlhpVEo5M3E3Y054R0ZFWVIyUFAwZlJIaFVySGZVODVhM05ZbTJkdjQxZWZoTWNaU3pXZlZqazVUNEo2ejg1ZUNGakJwRF9RM0V1U0xVZl9GX2c5N3M2ZUR1SjhwcWpMR3kwdlBjWlF3?oc=5,NEGATIVE,0.9921621680259705
2025-06-24,Netanyahu says Israel has agreed to Trump's proposal for ceasefire with Iran - Reuters,"['Israel', 'Trump']",https://news.google.com/rss/articles/CBMivwFBVV95cUxNM1VwZmF2TGl1Zk13MTlsSkNkTHh4elRrTHZkT3JLVmdxNVkyTUVNcVhqZHl6Zi0wMGZjVUZSa1BKQU54UjMxSFZudEw2LVl2aEhRc3A2bEo5Zktkb2NvcU1NcHdBZnR1QWs0akd6dWg1YlV1bEFiblYza1FHZTZZOW9HUm83Q193cklPUDVSbjZOYUF1clVUTm0xWWZySG5qT1RlRE9OcV9DdS02NVhYUWllUjFfTW9FZk5vMlJkQQ?oc=5,POSITIVE,0.5148274302482605
2025-06-24,Fred Pleitgen reports on the latest from Tehran after ceasefire announcement - CNN,"['Pleitgen', 'Tehran', 'color=""#6f6f6f"">CNN</font>']",https://news.google.com/rss/articles/CBMihwFBVV95cUxQV0VIeGZ2SmZ5UlpOaFlXV1U4cS1OMTY0T3ZJeUVQZXpPVFBWRk5LaXprZ25tV0NtVlduZmZpN083d0gyQmdUOUx1dUN1czZXSi1faWY3NnBFT1JVeGlmTWJkZWd3SlEwX18wQjlvNTBWLWVuY1VBSkxFcHd3VzhjdzFPSjJfSk0?oc=5,POSITIVE,0.8445210456848145
2025-06-24,How the Iran-Israel ceasefire is meant to play out - Al Jazeera,"['Israel', 'out</a>&nbsp;&nbsp;<font color=""#6f6f6f"">Al', 'Iran']",https://news.google.com/rss/articles/CBMiowFBVV95cUxPNkxXaktLZS10RXlWQ2piZGhLOFd0YU5WTHlTNGRIaGtoTmFQQ2I3Sm5aVkJLZHZ0S0RMYTc0RTgwWjQzUHd4MnYtSlZOTUdIQ0dyb1VFTzE3RHd5UVNrX1lPVjJmcTJILU43djNzMDI1YktuX3lPRlZwZnhpZEJMR3g1ckxVenVuYW9YdTR0V3VsalFKZlFMUVdYWE1SaVZWR2Fr0gGoAUFVX3lxTFB1R0FYQUNvYVdwd3gyR0FOSWNKUEk3Z0tqSV9YY05pcUFGclRpb0RhSFQzdUsxSTdRSHZSQkM3b2ZVanNxY0U3RVBhNHpHUUhKZFF4MldkOGMwZlA5cGtEUlpDOEhVWGxYdFpmMjlQWUNIbFNxempfYzFXWUxuZk5yVjU4Z3BkSkVtTjc3d0tLZXVaR293VGZLaWI1cTZqU2lIc01HNGhnbA?oc=5,NEGATIVE,0.9945520758628845
2025-06-24,Trump delivers angry outburst at Israel-Iran ceasefire breaches - Al Jazeera,"['breaches</a>&nbsp;&nbsp;<font', 'Israel', 'Iran']",https://news.google.com/rss/articles/CBMitAFBVV95cUxPcHR1N3c3TkMwZkdHX0FKSjZuWVBOaGRzWjhuOGtnaWFJdnZoZFZwbnBHdk8zbVdMTWJDcFJNR2U0blpKTTNTX3BtVnBJc2ZBenNmOW9ERE9lTzdORmY0bWQ3Z004bHdnQl9PYWIzYVZWb2RIRVRUSk1fSjBIbkUxNmtHTjdCM0JDT0MzOVNPY2FVdHgycnNrWmZCeEVWZW9jYm5DZUtGSlNCWGNGY295WmJIWEfSAboBQVVfeXFMTnRUbHMwazZPWUQ3c3hHVktXTmR6bWpjeGEzVGZwem13ZFVoWUpxNEJDSW9IUWNHaHBWMVNWaWdZWXdpNW8yYzFFaDQ1VEFIcWMtRTA0SlJBR3ZpQzI1dmtRZElHT2hDZVpvbDcwTjdnTU4tQlp1Z1pLd2dlU0RFbmRYYV9meEUtQW53S2k2RUwwSHVXVjZ2enRsak5ROGotTUN1S0lkemhiYzVTREcwdFdVd2FkMno1OXNR?oc=5,NEGATIVE,0.9747053980827332
2025-06-24,Trump takes his go-it-alone approach to NATO summit after announcing Israel-Iran ceasefire - CNN,"['color=""#6f6f6f"">CNN</font', 'Israel', 'Iran', 'NATO']",https://news.google.com/rss/articles/CBMigAFBVV95cUxQRFo1dkZtLWVNcmJ3N2xDYzExNkVTTEItemFaeWZIS1JyODFSVXVRNHNkRVk2OW1vUTZMQ1hVT25NLWpnRVUwTFhiWmFvbXFXMjdlU3pPRVkydWw2ZkxhQmp1QXgxaTM2OGFEZW5wUFg3T1doRTdnMmNYbC1SQ1FQUNIBhgFBVV95cUxQTFg0SEljbDlqek5BSjhnN3VrWktMY09IQ2RSc3NlbldnSldCT29LeXpWNlYtaEcyWkwxZWs2eXlNcVRhWmREWUdyUWdsTm9paFNFMXk1aEp3d24zcU5QTmVDa0RZaThfUzdLOG9kVXVXQlpOQnhhSmtpWWdWYXpoNjFwQnJtZw?oc=5,POSITIVE,0.9588965177536011
2025-06-24,Big questions loom over Trump's announcement of Israel-Iran ceasefire deal - Reuters,"['Israel', 'Iran', 'Trump']",https://news.google.com/rss/articles/CBMiwgFBVV95cUxON24wb2ZGYmx2MkZFU0ZIalhaa2FsWVBiMkpwLWExTWRKYVUtQkR3RHg0aW1DTTFEUGJuYUxneURidzhRTENRb2ZUUHc2V2pfeUVIWGRyMGF2OThJTVZoYnFmUTBBaVdTU0ZEV0ZGZ3ZKeHB1dThvZk16NGx3Ym04VFlkLUdGb3d4TzBKVTdCb1hqemVpWUhuQ1RFaktaWVF4ZnhZdmNNNmdITWVLNnJIcHNSTXZONFUzRnVCaWdHYTZ5UQ?oc=5,NEGATIVE,0.9269936084747314
2025-06-24,"Iranian retaliation, a sudden ceasefire and lingering nuclear questions: Wild swings in the Middle East - CNN","['the Middle East</a>&nbsp;&nbsp;<font color=""#6f6f6f"">CNN</font>']",https://news.google.com/rss/articles/CBMihwFBVV95cUxNUlktM0dqaGE0MC1rRXR4dGh4YllFVTF2Z3JnQTktVFdSYkw0cDYzT05aQ0JWbkY3RmJMdktqLU9pd0xWSjFmTDBjMkJWZ0RBbGd4dC11Nndsa0hNb3VWYm5JS0tnRHA0LXBZUTdMTlhjTzBOWFFKLTYtWGJ1OTFjamhCemJtUnM?oc=5,NEGATIVE,0.5287840962409973
2025-06-24,"Angry Trump says both sides broke ceasefire, tells Israel to 'calm down': Live updates - USA Today","['Israel', 'Trump']",https://news.google.com/rss/articles/CBMipAFBVV95cUxQR1NSdEgxa1F2MjU1Z212N01nLTU2bUZsUDA3dGppRlc4VTFiQ3pVbmlHRndwbnhFZkxzVmhNaDhiNVNBNUtXT0VSaFlKYXRkMXA2R2hsdnpRZ0ZhRnZVa2RMUy1FYTM4S2VwV2pGeXc2YkhIelgyTzdKNTl2SXk3MzA2VFN3aW5IajY4MzlqemplWk1rNW1OdjIyb1FJOGtYXzN2bw?oc=5,NEGATIVE,0.9940010905265808
2025-06-24,Israel-Iran war live: Trump swears in angry outburst at both sides over ceasefire violations - The Guardian,[],https://news.google.com/rss/articles/CBMizAFBVV95cUxOeVBCTG55S2NYem9Sbnl5aE1MZUg2c25mWXl0dlhrZk81YlVYdjBkR2QyT2ZUYzZ5VVRlSnF4cXNxTGYzVklTcGtta0hDRlNxdTNta2dZaURQdlZXWGJGMENXcGZiUmFVZ3BVYmQzQUl5V19NNDVndEk5WEVVVF8zVFBpSTZZZlpjaWxLWkJrRlM0N1ZyVkh0U0J5aU5xWkRuVUV3OUV5bWhjWTJ3OWt6UF9sRi1Kd2piT1d6aVJ2RHZYZlBUbU5CXzhWSkY?oc=5,NEGATIVE,0.9832319021224976
2025-06-24,Trump holds out Israel-Iran ceasefire deal as validation for his gamble of US airstrikes - AP News,"['Israel', 'Iran', 'US', 'News</font']",https://news.google.com/rss/articles/CBMipAFBVV95cUxOamFwb25yalhWTE81NW1vZjV5d3lXRWZHNERmR2dfaXZNall0QmpmWG00TEVPczI2M0dPR3QxZXdyX1gweHNNX0ZVRE10VHA0YzltWHVmRkZpZllwR0ZJZktOMFVyMmFyQ2VFclg5QnMyRWVHOXZvZEpWQzVNTk91V09aNUJwVG5EVXZIVmNHME1fei1xYXV1U1FaQzZEOEZJNlp2dQ?oc=5,NEGATIVE,0.9616823792457581
2025-06-24,Live updates: Trump claims Israel-Iran ceasefire is ‘in effect’ despite initial violations - AP News,"['News</font>', 'Israel', 'Iran']",https://news.google.com/rss/articles/CBMiaEFVX3lxTE9ua25mOExreGNEM25lUGJZZW1CeWN0Z0ZhX1VNTWNpVy1KY1ZsbmFhNzBrMzVnODB2Wm5xSUFPeUJudF9VZFlXcGJGM3BUdjUxdm95QkQyeXM0SUFSbllwWUpfSGowNnlH?oc=5,POSITIVE,0.8367628455162048
2025-06-24,Trump says Iran-Israel ceasefire is in effect after both sides violated it - CBS News,"['Israel', 'it</a>&nbsp;&nbsp;<font', 'Iran']",https://news.google.com/rss/articles/CBMiqgFBVV95cUxPUG1qaUVsU3JDRlhxVXh6bS01ekJtTWhTWXZQdnliZFotNS16aG9RcUxMYUQwVE4xOE40V0s5Y0c0eXdOeTMtT0ZUNUF0UDdHbmNLUDhmM0lNNlFESFpBU3Q4LXRoMkJMNG5oZGVNTUhpUl9Odkx4cTZNczFKckNuZ0FWb3hBY2xXeGtEbGtKUFl1YTRHOXFYaWJSQW01MjlJSjVYSWloZk9MZ9IBrwFBVV95cUxPUDRYZGtrajM0WnZqdnZDMjJQckFGM24wbjJrMFd6U01YWXVnOUdoek9YalhxTjZHeUNSbkN0RjZmSGtoNmZfcUd4RElLdDVjRmk4QWdNYkNSbkRlMi12a2RjTmlKd21melh6S0VMS1JWTFZmSU9YZWt1V0xpcHRqa0FzVVIzcGE3NEpSSmpyYzZiMEstOVJwbUZacFdDeGtvVXZHTmhoVUU1TXFPT25z?oc=5,NEGATIVE,0.9768287539482117
2025-06-24,Trump is not interested in listening to US experts on Iran’s nuclear program - The Guardian,"['Iran', 'US']",https://news.google.com/rss/articles/CBMikgFBVV95cUxNSlQtYzhVbEotcWlKZHBVZE1ocjJsU3djVnpLSC1qaHNVaWtKTk82Rm92c210bkl5d0JMbnhrVUxXWUtlbTVqWlpWSmVTbTEtdEZIR1B1VTVCZUM0M2U3SHVfM2laUXJ2LVFkWEFtOS1UaTRnWUdRajRhbWtHWE1lQTljcGI0cEpaRFdKMnplTlh1Zw?oc=5,NEGATIVE,0.9979987740516663
2025-06-24,"June 23, 2025 - Israel-Iran conflict - CNN","['color=""#6f6f6f"">CNN</font', 'Israel', 'Iran']",https://news.google.com/rss/articles/CBMiggFBVV95cUxOdjBOUTB1Y0FzbldDRzd6ZnZKZm1CWThvSVBOWW5xTExHYW4wRjBrZ3FaOXZ5cFhyd2t0UThucWYyRDJfOGNNOXNpN1cxV0xNQVZfeXhtNUtQOHdzc0Z5REVwM3Q3Z2xZS3NnOXpZb1h3RlRYSy1nZ2VnSDRhZmFHMS1B?oc=5,POSITIVE,0.5705105662345886
2025-06-24,Iran-Israel Live Updates: Israel Pounds Tehran Amid Growing Calls for De-Escalation - The New York Times,"['Israel', 'Tehran', 'New York']",https://news.google.com/rss/articles/CBMid0FVX3lxTE56cXgxZlBrWTBnR25xRWk2Tmwwd19YNW9XQk5KWVlZbjRFSkVqVFE0ZUs4VUpWcWpJY25nM2pfQmsyZ2NONkpBQ2JtTHZqRmwyTVlmTm53SWlNcUp0XzlITUtoODFFZVk3UjJHVTdqWXdDRV94OTc4?oc=5,NEGATIVE,0.6457101106643677
2025-06-24,Iranian missile barrage strikes Israel after deadline Trump announced for ceasefire passes - AP News,"['CBMisgFBVV95cUxPWUpHcG1WNmtodGsyOUFTT1ZFYi1oQXdJRzc2RElhUVlra19leF9EekY1SjQ1MElNZ3NnaHRRaVhWaVVqUTNZTUNveUw0VkxkU25McEdsUlNwZWZrVUZmQl91c3VIOFZaaXViR1psRkxzZ05KSDhuUV9oMlZvMlkzOE5XR21oZzJwOWp3NVBHM2luWFZ1T205a0c3T3ctLWJ4ZHB3amkxV3hQSm5qT3ZRUXNn?oc=5', 'Israel', 'Trump', 'News</font']",https://news.google.com/rss/articles/CBMisgFBVV95cUxPWUpHcG1WNmtodGsyOUFTT1ZFYi1oQXdJRzc2RElhUVlra19leF9EekY1SjQ1MElNZ3NnaHRRaVhWaVVqUTNZTUNveUw0VkxkU25McEdsUlNwZWZrVUZmQl91c3VIOFZaaXViR1psRkxzZ05KSDhuUV9oMlZvMlkzOE5XR21oZzJwOWp3NVBHM2luWFZ1T205a0c3T3ctLWJ4ZHB3amkxV3hQSm5qT3ZRUXNn?oc=5,NEGATIVE,0.8258906602859497
2025-06-24,"Warned by Trump, Israel hits Iranian radar in mild response to missile fire on north - The Times of Israel","['Israel', 'north</a>&nbsp;&nbsp;<font color=""#6f6f6f"">The Times of Israel</font>', 'Trump']",https://news.google.com/rss/articles/CBMitgFBVV95cUxOWTZPNXpvcG1LdS1Mc1Q3eVdLeUVDQkRKbFU0b1lmNUp0dTY5N2NqUmJGU29CQl9wam0yQ3RuUXZkMXVMb3cwdnlSYjA1YkZZUzVfMnBMMWtCOHpVMVU5enR0Y2NNaTFMQzA0Ul9uMUhBSlhFc09TbVg2aUNfeFEwRURrbFUxY194UEUxR09HTWh0VzZBUGRCSnMzdV9ZZEYyZEtrNnJZOV96UlJKaXdUNmw2Y0c0Z9IBuwFBVV95cUxNWnpqV0JkbkI4QU1FdlBYaE91SU82Q2xFMzRHSjBGdTRfYlRCQ2lGTF9ZbDRjYzRHeGNKVnhWRVJBZU1iTkJYbEROdXphRWdpenk5NXZXbHBYRjNGa1hEZWR5Y3BsclY3TG43NU9JVXBaN01JMWszcW1ySVpaS1NPQ0tZTUNRTkdaMlJVMjRHeWFaMmE3QUczTnk3QTBYSG9zckh4Z3BVM3JLcU56Y1VXem52SnMtMmZrcElF?oc=5,NEGATIVE,0.9808103442192078
2025-06-24,World wary as it welcomes Iran-Israel ceasefire - Al Jazeera,['Iran'],https://news.google.com/rss/articles/CBMikgFBVV95cUxNRFFERHlRRVdwS3VkZElGa1JxS00zeFpKc1lQYWVDN0Z3M3FOQlJFTFFhaVhMdjdJY1Qwd01jdERIOVZRa2I1alE4Mmkwc2ZWTWVVQV8yT3FZbkMwa1NtSlBzSjA2TUJELUtBMkV3eXlzbUNFbGFZWnJIODVkbHMwTFdIN1J1YVlXNTVSRFdnbkpiZ9IBlwFBVV95cUxQVEpoUGlqcnF5czJXYzVyX0JNNUdvRWZ2NHB1NXhZQ0YwaHhiSFloNFBvMHE2OU02eFJIeDhSNFo5QlVRT2JhQzZ0RHltTDJDZTF1TnVWWWpmNVRLbDhKWTNmcXlUQ1hTQXRITTNDNGxYWlFRZ0N5RGFLOFBHQ081QllTeVBJVGY5SmJCWXJQMlQzU2FaaWZF?oc=5,NEGATIVE,0.9699493646621704
2025-06-24,"Israel-Iran live updates: Trump says both Israel, Iran have violated ceasefire - ABC News - Breaking News, Latest News and Videos","['Israel', 'Iran', 'Trump', 'Latest News']",https://news.google.com/rss/articles/CBMivgFBVV95cUxOZklCVFFvaHF4bzJSTThmNWdtUTUxOE9zeUJTdUdPOUxXSGc0WFQ0SG8wWFd5Rzk0Q2ZLWl8zU282NGVBMHkzMkJWT2drSzdta0FTX1NXZTdYeHlpMTI4elN5WVd0TzBxUVBZTnJjWUhHX2RpVTUwbDhBZHpwNVNPb0Y0NnJWSTV6bnZIZnpGc3lMX2JBQlRJWjZxdnQ0Q1ZOSzJJeFcyblQ0UHBXYXdGbmhVN19kTHRuWVBrdFhB0gHDAUFVX3lxTE9xRk1FaVdwTEx4VzVDM1FIYXRfbGJRVnNZZ1YzRzNXMFlaN2lnWVl6R0N2SGF2ekxRY0tNalFFdnRZbnNGUXo1Q1BiWmNHMTlHYzlZY2VmS3N1dndTVDk2dUszZjJPUUdJdXlqeEV4ZHhpR1RraEtzemRZM01vdENMZnljd3BzWmFTQW8waEZYTFRWelF3RXBDNWlkeGdBb0ZvSzBNbjFZcG1yc1VwSWh5OFNFaUotQ2dpQnFvSURUeUF0Yw?oc=5,NEGATIVE,0.9724047183990479
2025-06-24,Trump in angry outburst aimed at Israel and Iran - BBC,['Israel'],https://news.google.com/rss/articles/CBMiV0FVX3lxTE5MYU95VElQSzFpeklJdW9ldnpkS0ZMSEpSZ3AyXzlFRDNSYlJTa215ei0xc2M3VFE3dDR6OGl0b0RuQmptSzY5MjFtZ2ZtTjJwU1BfQ3VTZw?oc=5,NEGATIVE,0.9930805563926697
2025-06-24,Israel and Iran ceasefire under strain and what to watch in New York City primary: Morning Rundown - NBC News,"['New York City', 'Iran', 'News</font']",https://news.google.com/rss/articles/CBMitwFBVV95cUxPcEJ6MEg5T2h0U2tjRDRpUDVZMS1JSGVtX1cwaDlQNm9NMjI3WUU1TzlfLTVEQXN3TmFhWGtXVWRWVWt0RlVPZVJpakpuR09BaHBJb19LcUhZQ1lna0MwVWxoZkg0VjVfVDhJOXdjQ1hsM3B0NVRBSkpReXFhSXNMNDhmenpnb29VOWZuYjBBdU5wbldTc3NPUVdTdHYxY3p2dXBJX0xEUzhXcC1NUU1iOHdGbHhVd3PSAVZBVV95cUxNZTFOczlhczg4cWlWek5Bd2plWjlGWTJtdTJRX3hpY1E3aUJVM0VSN0V5U0JjWGZ0bWV6NlVuWVJjNWFQeW5mOU5rUDRIN01wSG9KVFo4QQ?oc=5,NEGATIVE,0.967254102230072
2025-06-24,Trump is 'not happy' with Israel after saying it and Iran both broke a ceasefire - NPR,"['Israel', 'Iran', 'CBMifEFVX3lxTFBRU1VQa05ybFY1MzdOcUExTGRjX3FGYnNQTGxEZmFxaHRLX2tzc2tiQ1NmN3RPUklvMkV3bWc4dllkd2Z3ajVvV2IzckF4UzZlS181SDBSX1NJNUFkZVJMV19YelFudUdraW05bzB2cUpQREZ6X1lvcV9kRE0?oc=5']",https://news.google.com/rss/articles/CBMifEFVX3lxTFBRU1VQa05ybFY1MzdOcUExTGRjX3FGYnNQTGxEZmFxaHRLX2tzc2tiQ1NmN3RPUklvMkV3bWc4dllkd2Z3ajVvV2IzckF4UzZlS181SDBSX1NJNUFkZVJMV19YelFudUdraW05bzB2cUpQREZ6X1lvcV9kRE0?oc=5,NEGATIVE,0.9989930987358093
2025-06-24,Trump lashes out at Israel and Iran as he accuses both of violating ceasefire - live updates - BBC,"['Israel', 'Iran']",https://news.google.com/rss/articles/CBMiVEFVX3lxTE1FdFFXQUJUY3FhZHh1WDlIWWVWRUM2SEFoSm42cXJMSDhRdEY2WEl5MzdJVzFLVEFGSHl3SFZJQkRQX3QyR3poRFlmcW4taExZOUY2Qg?oc=5,NEGATIVE,0.9963533878326416
2025-06-24,Explosions ring out in Tehran despite Trump's order to Israel to stop strikes - Reuters,"['Israel', 'Tehran', 'Trump']",https://news.google.com/rss/articles/CBMilgFBVV95cUxPbGh5ZkQ2WmlNdjR3YWM3bU5fcy1LMHNLb2F0SGZHZURvbTlUcEx2eHBiRjdiQklEbDFJSEtEcjdEdVpucFpaczBWT2M0S21qaGMySmF0R3MxRnZZOW1yUE1WVmx0aTZWYU41V21fYkNFOUlLOWpHV1BQRnV4SGxLVWtlaHcxdFZEN3Rxb05KbF9idy1ZTWc?oc=5,POSITIVE,0.6238407492637634
2025-06-24,"Can Iran, Israel and the U.S. Now All Claim to Have Won? - The New York Times","['Israel', 'the U.S. Now All Claim', 'Iran', 'New York']",https://news.google.com/rss/articles/CBMikAFBVV95cUxQcVl5RjVQSUFwaUxsWFhIeTdTSkRwVjh3OHNJQWdpTlJscHZ6TDJ3VFBTR1dDVHNvNDdPaUVuUHRYNGxEbW5yZWF1V0x2MTdZOEd4LXNYdHE1SnFuOFRhb05FaC1MdGhvQ2tSbzNwVFJBdHB1Z0xlU2FMeFF1dVpZYW9ESW10SXVZX2tGU01QRWY?oc=5,POSITIVE,0.675073504447937
2025-06-24,Trump says Israel-Iran ceasefire is in effect after deal initially faltered - AP News,"['News</font>', 'Israel', 'Iran', 'faltered</a>&nbsp;&nbsp;<font']",https://news.google.com/rss/articles/CBMipwFBVV95cUxQUUJGUXJXdGFWamhCZDluM3hMVTJRa1JINDNCV3EyYlN6WF9KWkUwTmVZb2ozTFowSGhQcWxVUm42VjRTUGxmTW5vWFFrUGNkd002QktydWo5WTNVVnNBR3ZzdnhrOHdZZC1aN0xSeFpwTzAtZnBwbTNhZE9VcEZscHhJRkJjMUZNTGFPVHNJS2xLSWRuYy1FU0FBTlZqaGRnY2hNdG9tOA?oc=5,NEGATIVE,0.9178957343101501
2025-06-24,"Israel-Iran conflict LIVE: Trump called Netanyahu, asked him not to attack Iran, reports Reuters citing Axios - The Hindu","['CBMi5AFBVV95cUxQc0tkcFlmNFcxMUdZc2VrNkdORDh4aldMS01fLUIzeFdvbGR3NGpnNEpoNWlGUUVkWUxRblpVbi1KOUdFN0gxN0MxQURta005Q1JKelY5d3hib1lJRFBxYVhaaFlnMkR4dTVaX1FobmdabmhCMlFEbmdIallpZWRWOXd6UkhtcHFDVUhubjRKc1E0bm91RXVJS2t2VHE3ZXNINXowa3F2aEFMSG1EOWpLUlh0R085RndjT0VYcFBvb2VUNlladC1mYlhFeDRCNGpmTjVBTzQwZ0FqOUxXWnlBejdKTFbSAesBQVVfeXFMTS1kN01Xb0JTakJYX3ROMHotbkxWWEY3Tk9QT3RTTFZoOEtDZjl0SGNjVjNZNDNNeTFRNEdYbllRRnRMYWFUSEF5NVhGUnNvbFpvclkyazVJaUgwaU51dE1yUzRuYThhdnZmYXJhcUF1N19TS05QUU0zX2FfS1NiSTJpWVVUUzVrQVQ3VXQzN2sxTGdmWmd3VmJmRndkRWdkNFN1R2RIWWNpRHozclRoUjVWRUtLT0VkVEFJQmRnZFViYkdTNEJZWlFlVHU3WVlQUHk0UnhxYnBCLXRzVmZFaVlEVndCQnJMbG4taw?oc=5', 'Netanyahu', 'Reuters', 'Iran', 'Trump']",https://news.google.com/rss/articles/CBMi5AFBVV95cUxQc0tkcFlmNFcxMUdZc2VrNkdORDh4aldMS01fLUIzeFdvbGR3NGpnNEpoNWlGUUVkWUxRblpVbi1KOUdFN0gxN0MxQURta005Q1JKelY5d3hib1lJRFBxYVhaaFlnMkR4dTVaX1FobmdabmhCMlFEbmdIallpZWRWOXd6UkhtcHFDVUhubjRKc1E0bm91RXVJS2t2VHE3ZXNINXowa3F2aEFMSG1EOWpLUlh0R085RndjT0VYcFBvb2VUNlladC1mYlhFeDRCNGpmTjVBTzQwZ0FqOUxXWnlBejdKTFbSAesBQVVfeXFMTS1kN01Xb0JTakJYX3ROMHotbkxWWEY3Tk9QT3RTTFZoOEtDZjl0SGNjVjNZNDNNeTFRNEdYbllRRnRMYWFUSEF5NVhGUnNvbFpvclkyazVJaUgwaU51dE1yUzRuYThhdnZmYXJhcUF1N19TS05QUU0zX2FfS1NiSTJpWVVUUzVrQVQ3VXQzN2sxTGdmWmd3VmJmRndkRWdkNFN1R2RIWWNpRHozclRoUjVWRUtLT0VkVEFJQmRnZFViYkdTNEJZWlFlVHU3WVlQUHk0UnhxYnBCLXRzVmZFaVlEVndCQnJMbG4taw?oc=5,NEGATIVE,0.9737470746040344
2025-06-24,Israel-Iran War: Israelis learn what it's like to have huge bombs dropped on their homes | Opinion - Haaretz,['Iran War'],https://news.google.com/rss/articles/CBMiowJBVV95cUxPbVYtWDY5aHNjdFBPdnlFZkNwNTJQbTR2aUp6c0M5MWtjNlFneDlyR0tPYUVLWXkwQ3VxNS1ReXJFZjBrdjJsRWZnUW0zRGVPVmduLVhRcU5wNjRDUHhJS1JZbWYzZGtTbmRMSTZUeXNGNU1vanphdWo2Y1VlTWJzOUh6cjZMZnBoTDRfYVdwZnJZRllCbXZRWTdkOUxNMGFBZWZmaEthemE5RzV0WFRoMFNQbUZXdWFMN1R3eWMyd1lLbGxjbHU3dFZ4VEhsUF9UNmlfaElTMjkyQkxWTVFoVEZnUWM0Zm1hd015SkVpUGxKLUUxQW9mM2VyajNnNlROaS0xc2tyOUVKVEs2S3l2ZjZPcFNydDZ0Y0xZS01qaFZTdWs?oc=5,POSITIVE,0.9959295392036438
2025-06-24,Israel-Iran War Live Updates: Iran launches attack as ceasefire begins - The Jerusalem Post,"['Iran War Live Updates', 'Iran', 'color=""#6f6f6f"">The Jerusalem Post</font>']",https://news.google.com/rss/articles/CBMigwFBVV95cUxNUmpNb3V0WnN4bHlHMS1wN1h1VnBjLTFoYTJtMXBuaC1DWkxmR3dRcjZEbGhycWxMOW5iTWdKQlR6YzJoWXppbkh2dEJmTGRZci16dUN6eU1KdTdXOVMwT014Q2tMaHpEUkFlek1IczdBTG8wekJsMjRIem8yaGhOV3o2Yw?oc=5,NEGATIVE,0.914928674697876
2025-06-24,Israel kills 40 in further Gaza bloodshed after reaching truce with Iran - Reuters,['Gaza'],https://news.google.com/rss/articles/CBMiwAFBVV95cUxObFY5NWJmeDJDSTE2WUxMVllwY2RrdHllVWRJLWtETGJnaVRmMm9jMVhPYVd0THhXdm4wWkpaQngzZUk3bWd6WmY3VEkwMkZDSkZqOGtUR2FBbVZwSkdjdml2MGcyY1hWazV0TzJTME03Sk92eTlFWlFsSGJVR040UUlUYUFDS0xxRDdTYmtmOGdiMmZNY2FfVTZoR0dqOHJyUzNsS0ZzdjlZZnUxN0tuZkYzRm4tNWRCUkV0OVNIU0s?oc=5,NEGATIVE,0.9918711185455322
2025-06-24,"LIVE: Trump warns Israel not to attack Iran, says both sides broke truce - Al Jazeera","['Israel', 'Iran']",https://news.google.com/rss/articles/CBMiswFBVV95cUxOM2lBc3NsZko1b2cxcnNqMlNVWVFVQm1wTUkxQllDWU1hekxtcGZMQWtTb1pRUTRyWFNRNFRSV1h0bnBWNWxOcmFMTWt3RmpCN25GVkZwT296WFBteG03cWk1RTNrT1ZzQ3pLdWhXR1YxRjFPNlhoalN5bm5XUkdpaEJ4dUtEUEVucDNGR3dBa01OMXYwSXRDamNRZkFDSTNwYkpNRWZ1WjFPWnBYRG11YVVKY9IBuAFBVV95cUxPckg4UFJPR3Btb2xVLUZMQWJpTmFRcWUyOGtwSDRjYTlZQmZZblpWelp4cXBjeHpGOGRfc2FIQXV4RU5YdEVyYXNnY2RkUXFnMjdiU2w4ZTRPbHFuT0h5d3NxZGNPTXhwVDB6VHVUdkFrTGxOdUJiZkQtOURkMjFtOXVaNTN0SVNjX1FmUmRGTzdMbEpSNkNSZzVlSGx2Mk1LVTUySk91cXI0VnFuZHgtUGZJTWU2THFm?oc=5,POSITIVE,0.6361038684844971
2025-06-24,Live updates: Trump lashes out at Israel and Iran amid accusations of ceasefire violations - NBC News,"['Israel', 'Iran', 'News</font']",https://news.google.com/rss/articles/CBMipgFBVV95cUxPTDRkWk83czczS3gxazVYU2REN3JldjhGM3E3V1VDeVN4dDhURzB4RDg1eXkxRnF1amt0eHllaWpFcjBlNzdKUnhSd0kyWWxKeTBNM25GSE5mRHhzWVdIZmxoUHNua2k1ZlVkcjFEcHU4ZnNwTjR0bVdRblRxdjZfMGVZYm9iaWd6aWx5OTRaOGROT01WYU5KR3g5T0U0RG9tNk41TERB?oc=5,NEGATIVE,0.967202365398407
2025-06-24,Iran’s Capital Tehran Endures Intense Attacks Before Cease-Fire With Israel - The New York Times,"['New York', 'Capital Tehran Endures']",https://news.google.com/rss/articles/CBMingFBVV95cUxQOWliWHRiRFN3NHJMdkFSYUo3TGxiZ3FTUEdqTnYzLWQ1VFFNdlBrSDE1bWVTMWIySGpaNjhuVzZPMC1uclNYekJla3lYRjczcTU2cFlBeURkX2ZPWEdwUjBVdmtLYnYwX2szc2ZvSnBQX1VtYXRYYW5OWWJUb2E1eTdPUGQ5dzB3aWpEOVk1NkNqdWJrdXk4ZW00VENjUQ?oc=5,NEGATIVE,0.9711742401123047
2025-06-24,Israel-Iran ceasefire: What we know about the deal - BBC,"['Iran', 'CBMiWkFVX3lxTFBNWGNfTjdVaGFCR3ktNmJmNGs0YzdLRHkzSUNzcVZPeWdTUHJSeXBSVjRGX0xmdEs3MmxpXzkwd3dqNjQ3OGJDc18wNXNoaEUyeDRsWkVsYUZ2QdIBX0FVX3lxTE1lQ2ZZbVpZSW4wa3NrVEJFM21YLXhwbmtJY2hrY2cydnBtYnZLWUVXbHFFMVBGaTlsMnVJcmhPMTFjTDk2X3FtRUZOdlZiZ2ZvV09Ic3NSWGhNMHIxV3hv?oc=5']",https://news.google.com/rss/articles/CBMiWkFVX3lxTFBNWGNfTjdVaGFCR3ktNmJmNGs0YzdLRHkzSUNzcVZPeWdTUHJSeXBSVjRGX0xmdEs3MmxpXzkwd3dqNjQ3OGJDc18wNXNoaEUyeDRsWkVsYUZ2QdIBX0FVX3lxTE1lQ2ZZbVpZSW4wa3NrVEJFM21YLXhwbmtJY2hrY2cydnBtYnZLWUVXbHFFMVBGaTlsMnVJcmhPMTFjTDk2X3FtRUZOdlZiZ2ZvV09Ic3NSWGhNMHIxV3hv?oc=5,NEGATIVE,0.7305534482002258
2025-06-24,Why Arab leaders are quietly backing U.S. strikes on Iran despite public condemnation - NBC News,"['U.S.', 'Iran', 'News</font']",https://news.google.com/rss/articles/CBMikwFBVV95cUxPZ2JfS0ZtaW9BU3hsaGlENHZsSUplNnU5ci1JTTZJYWY5VDFFbEs5WXl0RXZBZHBPX0tIS0dUcHJMM29fMTRvYXBiTEcwMGFvdlYxR2dROUlQWGMxZkE3V0szTFZ3VG5OMTZ4ekVnN252VE1VemZaVFRrWWRxclJKaWY3ajM5RkFzSFB0UlYxdlVqdE3SAVZBVV95cUxOdHlOZ21TdjZkcE9mOUxHR1ZjVEQyaGdRRHBqWUpWbklxd1NMajRKYmZfYThpSExMMjhmX0hGczNRNXNvZzN1amNYU3kwYUQ4M094TVQ2Zw?oc=5,NEGATIVE,0.9926918148994446
2025-06-24,"Iran launches missile attack on U.S. base at Al Udeid in Qatar, no injuries reported - CBS News","['Al Udeid', 'U.S.', 'Qatar']",https://news.google.com/rss/articles/CBMif0FVX3lxTE5tVllJWUg4bzdGcjF1d1djZ19XQy0tRE5aYXRTb3d1b3p1SWxaaTdWMVVCb2RXd3l4cUR5aTR2Z2QwWjlGQ243WkV6azBRUHJDWllrWlNuOElZR29KRUxQcGNIWFE3STRFaDYtN2NidGotQzFPdzJmQ3JIb3JYSVnSAYQBQVVfeXFMT05hNzYtVGRsTVFwd2daUUtwTXJ5MEZCWm80d21OMW9BQVAyc19EUmRFdzF0d1V4OEh6a25ONmZwaFJTU3MxWExQWEJLV3VQaDVBQmF1eUpIQWJERlhmRUNrazlkVXFlblVURW5XTmp1SERja1QwV2FsQUVLbmluNEdDNm9N?oc=5,NEGATIVE,0.7041701078414917
2025-06-24,"Was Trump’s Iran Attack Illegal? Presidential War Powers, Explained. - The New York Times","['New York', 'Presidential War Powers', 'Trump’s Iran Attack Illegal']",https://news.google.com/rss/articles/CBMijwFBVV95cUxNejNKckRUeXc5c3N1bzJ2bTN4SUNpbFBwZlRkeUhXaENGbHNBTS1pQTNYaTVYckVwTG5YRDlFUG1BVGZ5SVBsOG1ZOWV4YloyUlN5dUhJSzR2TDVHXzZpLVItTERIbjVwN1VuU3N1UDR3OW9LOFZOeHN3ckNHUUx2MkhTd21oU0x0MVNCc21WRQ?oc=5,NEGATIVE,0.9724729657173157
2025-06-24,Israel killed at least 14 scientists in an unprecedented attack on Iran’s nuclear know-how - AP News,"['Iran', 'how</a>&nbsp;&nbsp;<font', 'News</font']",https://news.google.com/rss/articles/CBMimwFBVV95cUxPT1hxWGQ0RGZENUNmMWtTYjdBZjhXY2Etbmx2djBRN0hsS0FGYUYwZ3BXMUZON185MFQ2ZHJWNWVJN29oeTNUMWstVC1kNTNDc0RvRWl5dEp6RHBKaWs1TWxUS3djNkI4TWtyY3FuSzEtaGNEWm03MHI1bl9CeVNxUENFcExzazIxRHdJa2RjR3NIOVJtTmtzZ0hQOA?oc=5,NEGATIVE,0.9960111379623413
2025-06-24,Trump tries to maintain fragile ceasefire hours after he announced it - Politico,['it</a>&nbsp;&nbsp;<font'],https://news.google.com/rss/articles/CBMiqwFBVV95cUxQdUNvci1aU0FWeldtbEttRHd2aXI5dWNuNjFPdnBkWm1pZ2VRSEJIOHRnVTFxTW5yZ1ZMZ3I3ejRYUGZ2dEUzb043Zklocm5aNmpyTFRGcmRhTE5INDUyVkI1RU1WZFhnQk92TUdJNkEwSFlEZmFaN2Q1Nmg1SmN4SmE2WHBORTZLOUlJOTJ5Nnl5dDlJWjdlTmR0Z1dQaHh4Nk03LXFFZU9pLUk?oc=5,NEGATIVE,0.9936656355857849
2025-06-24,Have Israel and Iran agreed to a ceasefire? What we know - Al Jazeera,"['Israel', 'Iran']",https://news.google.com/rss/articles/CBMinAFBVV95cUxNS3N4MWJKdGhZNG5BZV84d2xGUnVFSmwzSTRxNTgzcmJRbGo2UHJ6MXg3UHVEdTIxVk5vTm9kWnF4ckE4QU9RNXVxT0xjUXdVUFdfVFhsTThIZ2Y3T2I5ME16dnJYa2ZKVnZtRFM3N2hZZE9lSEFfRzVrOTBEVktRUy1KaVd2OTdtalVObFE1M0pYVWVkc095Zk1ZbGfSAaIBQVVfeXFMTzVxV0VpeENrSUYzamJaT1hzcHB1M3JYaGxBaHVlemFkcmtTam5nVFFDNUc0dUdZUF9iaGVXNUVhb1JGcE5RNGViemdvUWg2akYxeTY5VGlpWTFWNVdpVTk3UkJaaEx1M2ZtbkowWDdweHRJM1Y0eWhIQUUzb3hrUGRJNUR3LTJlRGtfd2FwX3pWY2NSWGZzYTNlSkNJMFNnVzF3?oc=5,NEGATIVE,0.9930211901664734
2025-06-24,Trump lashes out at Israel and Iran: 'They don't know what the f--- they're doing' - NBC News,"['News</font', ""doing'</a>&nbsp;&nbsp;<font"", 'Israel', 'CBMimwFBVV95cUxPbTJzTXdUcWhWZElCRDU2WkZpZngtLVlZeDRIb1p1T0k4bWhhdVFLNE5FRFhaZ2Y4U3FsdUxIVjd2R3o4cmJ5MDZUTkJ6UWtlYjFES1hjVnpGbEo3Y1haOHRtOGxVT3ktR3Ria3VvdWo1bnh3S21zay1SQU1yTlVCbEc3U0VRTjBCcmRRZnc2cVAzd2lmQXNDVkg5NNIBVkFVX3lxTFBGaUNmaFV6NWdpMkpyT1FZZUYyRmdvNy1GamR1UU9yVF9Ld1laQlJBc3UxOWgyWHQ4c2xyNFlid3ljQU54TEo5aUZkRlphN1p6dkVOdm1R?oc=5', 'Iran']",https://news.google.com/rss/articles/CBMimwFBVV95cUxPbTJzTXdUcWhWZElCRDU2WkZpZngtLVlZeDRIb1p1T0k4bWhhdVFLNE5FRFhaZ2Y4U3FsdUxIVjd2R3o4cmJ5MDZUTkJ6UWtlYjFES1hjVnpGbEo3Y1haOHRtOGxVT3ktR3Ria3VvdWo1bnh3S21zay1SQU1yTlVCbEc3U0VRTjBCcmRRZnc2cVAzd2lmQXNDVkg5NNIBVkFVX3lxTFBGaUNmaFV6NWdpMkpyT1FZZUYyRmdvNy1GamR1UU9yVF9Ld1laQlJBc3UxOWgyWHQ4c2xyNFlid3ljQU54TEo5aUZkRlphN1p6dkVOdm1R?oc=5,NEGATIVE,0.9945288300514221
2025-06-24,"Israel kills more than 70 people in Gaza, including dozens of aid seekers - Al Jazeera","['Gaza', 'seekers</a>&nbsp;&nbsp;<font']",https://news.google.com/rss/articles/CBMirAFBVV95cUxOcmZoSGdLMWRqVndxRmhfbXBmbXJSZGNsMy1kbWJQa2VGbDhvWDhobThDSjZxeXBCcmxtTThoSXdJUFJNbVR3eDVGd0t4SFZWZ25EQ0loZlFMX1ZTMlFNN1ZsWS00RHJHdjlHWjM0MDFJUTd5ME41UkpMdnp2SEF1Mmh3ZVRFVkpMeUt0akhTMUdDY05LS19JSWExZGRjRnkwVTI0NlJUbmRlZkMw0gGyAUFVX3lxTE54aFZlallkX2Y0b2JWUTN1ODNXeHRsSDRfVjVZQlNIWkp1c3k0WkQxbzRQRnpBQzNpYlRZOHJLMGtTOWJqRU5FelBpZHdtS2ZUR1QxTDdpNkRLTVpFcmlDTUhWN1hyVmRXdkRkV0xwOEtvSVZ6cVR5T3hHUE03VjNWZlB0bkRETm1WeWJlNm1nWTRDYV9SSFFyRHBaZ2tESVpaYkJkUG5aUmpYTG5pSGtGakE?oc=5,NEGATIVE,0.9978893399238586
2025-06-24,"Iran Update Special Report, June 23, 2025, Evening Edition - Institute for the Study of War",['the Study of War</font'],https://news.google.com/rss/articles/CBMiowFBVV95cUxQN0xKb05aY1lsemRhQWxINlVpNS1FeFB0V3lOY1Z5VC1UanZpdTEzTzRkVDBEbkdDSmp6R0ZKWTd4THY2eHRINU1QdC14N003aWdna3dtcDVFSXE2MVhIZ3VRalBaLVFFdnI1ckZKRDVSU2xTR0M3MGFlcGJ6VnlRRkR0OERZYzQwYjEzMU1WYnR5TVVBRDY1SUNCLTRqOWtwUURj?oc=5,POSITIVE,0.7294607758522034
2025-06-24,"Israel, US and Iran all claim to have won the war, but who has really gained? - The Guardian","['Iran', 'US']",https://news.google.com/rss/articles/CBMivAFBVV95cUxNT2R0YXNJdUgyM19ZSVVBbVAzWjJUT0F5ajFEdXNyQ2Jzdko1eFowU21Fbm1aV2UxMmQ2VWh2RVV6R1YtblVwcm5VNFFLVlg2VzdrZ0dxYXliNzBJM1pqN3AyNHdKd21YZGE4QWlmd3JxMUZ2S1dQTVRMZW5zV3RaWFl6M1Rmem9sVy0xMlNCdG12anowOFV5V3ZuU0pmV1ZUYVF1dXVOeUNpQXNLbGgzLWRra0QyN0l1dWRkXw?oc=5,NEGATIVE,0.737787663936615
2025-06-24,"Israel-Iran Live Updates: Shaky Cease-Fire Takes Hold, Under Pressure From Trump - The New York Times","['CBMifkFVX3lxTE9zXzloT1BzcGQycUVCcTA2alViUEF4RU1WUjEzUWdkQ0JDNEFNRFNURlhYM0xOdWtBZjBVcnVlTWtGRnBsRnNNOXZNTkZCRzFrX0VteFBtR0NJRHAtSTdDenJvWXRPallMeHJINkQtTmkxTGNMMnJ4Rkg0cnZtQQ?oc=5', 'New York', 'Iran Live']",https://news.google.com/rss/articles/CBMifkFVX3lxTE9zXzloT1BzcGQycUVCcTA2alViUEF4RU1WUjEzUWdkQ0JDNEFNRFNURlhYM0xOdWtBZjBVcnVlTWtGRnBsRnNNOXZNTkZCRzFrX0VteFBtR0NJRHAtSTdDenJvWXRPallMeHJINkQtTmkxTGNMMnJ4Rkg0cnZtQQ?oc=5,NEGATIVE,0.9962679743766785
2025-06-24,Trump heads to NATO summit as Iran overshadows agenda - CBS News,"['color=""#6f6f6f"">CBS News</font>', 'Iran', 'NATO']",https://news.google.com/rss/articles/CBMibEFVX3lxTFB3RENSWFFIREJKVUpyZ1lhX09rMDdwUUtiYUZ6ZFRoN0FRMXJVOHRiU0R0bHAzYXlfUjNVS2o1eTJkZFhPaE9ITVlMYmttUnlDYnowajBBdENUWE1LS0NRRmpvUnMxX01oaF9xUNIBckFVX3lxTE00bDRuNWdoQjRJOU5mR2xWWF9GZmRYeWZSVGJfWk5Cb0RUVDRIM1JnUV9iQlowbWd4b2tNekEtZmFoRjZ3VEtyYlRWQkYtMHNtTjhaeUVaUmlWR1FaN25ySHpnTmxvejd1cDRYRUJCajlzUQ?oc=5,NEGATIVE,0.9908887147903442
2025-06-24,"If Iran and Israel do stop firing, Trump's strikes may pay off - BBC","['Israel', 'Iran', 'CBMiWkFVX3lxTE9oNUlybUhuc3lCZDRFVmlFS2RMbTZvcGROTGNqd0puS1BZQ243UjR0TzA3R0txbl9vTmo1VlR2cVZzbl9rZC11N3pXdXRLbHlhVWg3b0JINk5Fd9IBX0FVX3lxTE5wX0tKbFV3dGtCYURYU0JkaWtxQkIwQjZIQW9DWXd5OGhBa3BtdXYtNGNtQ09RZEY0NmFHa0xITEkzelRnSUxnTk42c0J1RVBpOU45QzZ5TnJVSGVQLTU0?oc=5', 'Trump']",https://news.google.com/rss/articles/CBMiWkFVX3lxTE9oNUlybUhuc3lCZDRFVmlFS2RMbTZvcGROTGNqd0puS1BZQ243UjR0TzA3R0txbl9vTmo1VlR2cVZzbl9rZC11N3pXdXRLbHlhVWg3b0JINk5Fd9IBX0FVX3lxTE5wX0tKbFV3dGtCYURYU0JkaWtxQkIwQjZIQW9DWXd5OGhBa3BtdXYtNGNtQ09RZEY0NmFHa0xITEkzelRnSUxnTk42c0J1RVBpOU45QzZ5TnJVSGVQLTU0?oc=5,NEGATIVE,0.9967707395553589
2025-06-24,"Israel and Iran agree to ceasefire to bring end to '12 DAY WAR,' Trump says - ABC News - Breaking News, Latest News and Videos","['CBMiogFBVV95cUxPTjZFVmhFSTJBSnJRVzZqU2RkTU9rSlZQWjd5MkdkNTJRUnY2X0x6a3RhaWVpX0ZIanNKX2x5WGhfeDNlNFJJNmE4Y1pJd1h0eWlRMGU1blFxMmJRZUJNWHFvWVAxQlJlbGk2UGVnTGNCRk9tY1p4VGlNR2RkZnZJdlFieUp4aHJla29TU2xLbVFkY2Q4ZURyZFJGUWxZbm9SdFHSAacBQVVfeXFMTXM5UXFLaUZ4RXZTTkVFdDJzaTVVeFlOZlNORFM5UUNkcmRJeG5lb25QS1BFc0N5T2FkRm1YblRWZmdKaDlvSThkbEFZWDNBRmYzZWxsa1BJbUFwVWdsZ0tCdXliOG04Z1lsTy1zbk0zMk5Dam9oM21MZDJlODRqOGFMVldzM2lLdzU4TmduWGlGWWI3Y3F1bVFHRkc2cTFhZE8xa3NyRkk?oc=5', 'Iran', 'Latest News']",https://news.google.com/rss/articles/CBMiogFBVV95cUxPTjZFVmhFSTJBSnJRVzZqU2RkTU9rSlZQWjd5MkdkNTJRUnY2X0x6a3RhaWVpX0ZIanNKX2x5WGhfeDNlNFJJNmE4Y1pJd1h0eWlRMGU1blFxMmJRZUJNWHFvWVAxQlJlbGk2UGVnTGNCRk9tY1p4VGlNR2RkZnZJdlFieUp4aHJla29TU2xLbVFkY2Q4ZURyZFJGUWxZbm9SdFHSAacBQVVfeXFMTXM5UXFLaUZ4RXZTTkVFdDJzaTVVeFlOZlNORFM5UUNkcmRJeG5lb25QS1BFc0N5T2FkRm1YblRWZmdKaDlvSThkbEFZWDNBRmYzZWxsa1BJbUFwVWdsZ0tCdXliOG04Z1lsTy1zbk0zMk5Dam9oM21MZDJlODRqOGFMVldzM2lLdzU4TmduWGlGWWI3Y3F1bVFHRkc2cTFhZE8xa3NyRkk?oc=5,POSITIVE,0.9119241833686829
2025-06-24,"Iran Mounts Attack on Beersheba, Israel, Hours Before Cease-Fire - The New York Times","['Israel', 'Beersheba', 'New York']",https://news.google.com/rss/articles/CBMijgFBVV95cUxQYWt1Q2k4NkR6NmQ0NXV2NUJGcktENl9iZUJpUWFLZFhrM2FHX3lxX3Q3QVN6SWZIcTdFVzU3MXZlSDJ0VmNYaUpFRmg2RlZUNTRJZjF0a0VCcE13VTdTZnNIZFQ5SFQtYVJWcUVIY0w0emNydWZlazRrSWZ5MG5uUzVxN2M2NDZJVmVqV053?oc=5,NEGATIVE,0.9008563160896301
2025-06-24,"A Fragile Cease-Fire Between Iran and Israel, and Toxic Homes in L.A. - The New York Times","['Israel', 'Iran', 'New York']",https://news.google.com/rss/articles/CBMirAFBVV95cUxQYUgtZDI0ZklIYWh0NUExaGNxR091cVE0eVpfQy1YUm0zZndYeEtFcjdvWnBJNi1YYml2X2Fncl96MUlVYWthOXVqWnlTM3Y2M1c0VDFmRWtHYjVZTmdrTXdkbjIxdzQ1eHpQSFRNTmF6V2JEdFUwVlB3dkJyMlB0Q1BHa3Y4UnJwVlROWWVzUjl2WUhpdDBYRkFBNjhobmZyOWk0RHBrOEJJaC1t?oc=5,NEGATIVE,0.986275315284729
2025-06-24,How the United States Helped Create Iran’s Nuclear Program - The New York Times,"['New York', 'the United States']",https://news.google.com/rss/articles/CBMigAFBVV95cUxOMzM4eXZNN1lRTWxSNVRKZ3F2Y0FCZTJoVTY5NEl5c3k1WXJpdERmM1Y4UjRBUTB1blM0M2x0Q3BJSGtaZ00wd2NZNXhXTXlqbkF1UDNVaDhpd2VXZlBNTGw0dEp2b0FDTEdHcVI4X25zOXJaR3A5dE15U1VZRlplUg?oc=5,POSITIVE,0.9927527904510498
2025-06-24,"With much to lose, China sat on Israel-Iran war’s sidelines as U.S. flexed - The Washington Post","['U.S.', 'Israel', 'Washington', 'Iran', 'China']",https://news.google.com/rss/articles/CBMieEFVX3lxTE1SY1BDS3NqcGZqamctTlNNVTdPR0RoeHUzXzRhYml0bnJKV2d6MHFVdi11YnlTTVJRUTJDeHVNeS1NT3lPWXIwbXI4ckt0TUctNUZ0ZndUa3hrQWtJcFoyRXFSZWZ0dVkwaTgtZm9YQXFvVk95bTdDcg?oc=5,NEGATIVE,0.8378629684448242
2025-06-24,Trump says Israel-Iran ceasefire ‘is in effect’ and Israeli planes won’t attack anymore - AP News,"['Israel', 'Iran', 'News</font']",https://news.google.com/rss/articles/CBMilgFBVV95cUxPZ1ozQmRjTnJJMGl3YmZsNjZzWVhUVlVaUm1obVdLaVJOMjFaLVRXTzlnUmQ5aWd3eGl6bmJ2cjdQdjU1OGlpRG5oT1ppWGRTU2U0RW5zaURtbF9TeWtMaVhBWUJidmE2d1I2MFE3bEdvemtTMmh4R0trdEYxVzgzT1Ata25uVmVPMm1mdURYNjFwN29fVHc?oc=5,POSITIVE,0.8372671604156494
2025-06-24,"Trump declares victory as Iran, Israel acknowledge shaky ceasefire - Axios","['Israel', 'Iran', 'ceasefire</a>&nbsp;&nbsp;<font']",https://news.google.com/rss/articles/CBMid0FVX3lxTFBoYTRzaE5Vc3UzbTAtYnlETUxmX05yMmtUTDhjVUx1WTVaTW43d1U0bUZ2ZllXZXFQQ0F6c283SG8tLTl0THBQZ2hqUElZN3ZXV2llT1BrbDNqclpwSTRkaEZhYi05WE5OTDN3MF9JWk9jam0xWWRF?oc=5,NEGATIVE,0.7075015902519226
2025-06-24,Trump successfully pressures Israel to scale back retaliation strike in Iran - Axios,['Israel'],https://news.google.com/rss/articles/CBMiekFVX3lxTFBFaExLTWk2YkllOEI3dmdmcXFxUkdfLWpBdEN4UWZ0Q1JYeEpTUlRDVHc4MDhDc1VyUkl1Z2oxZkxXMng3bm5wRlR6R2MxblkyRnBsOE03VmdzX1FEblp1YzVYQXk2d2lXRHV4R1ZVUXU4Qk5NTUtTc0Fn?oc=5,POSITIVE,0.9356178045272827
2025-06-24,Ceasefire status is unclear after Israel reports continued missiles from Iran - AP News,"['Israel', 'Iran</a>&nbsp;&nbsp;<font', 'CBMiaEFVX3lxTFBBY29SWk1RSzF5MmU5Z19jUHJkbFo1R0lFWnA1TDA0VXhLQUhNQll5eWxqR29USzRSSHlxeFRyYzREY1ZFVHNWaW9LTUowVjR2Z3M4dXllem5MS0xLWFFQRHFocndhbk9N?oc=5']",https://news.google.com/rss/articles/CBMiaEFVX3lxTFBBY29SWk1RSzF5MmU5Z19jUHJkbFo1R0lFWnA1TDA0VXhLQUhNQll5eWxqR29USzRSSHlxeFRyYzREY1ZFVHNWaW9LTUowVjR2Z3M4dXllem5MS0xLWFFQRHFocndhbk9N?oc=5,NEGATIVE,0.9987572431564331
2025-06-23,Watch: Video shows aftermath of Israeli strikes on Iran - BBC,[],https://news.google.com/rss/articles/CBMiV0FVX3lxTE44dl9RY3hkSVQ1Rkh5QXptUUFzWTViNnBnYmhTOXk0ZjZwa0dubDJlb0dwX2QzeldlNkdLUTBHNlZKN0tCQVUwdGdRWEFaWTJ3dEFva25iTQ?oc=5,POSITIVE,0.8143786191940308
2025-06-23,"Exclusive: Americans worry conflict with Iran could escalate, Reuters/Ipsos poll finds - Reuters","['Reuters', 'Iran']",https://news.google.com/rss/articles/CBMiugFBVV95cUxOQnhlUjkzZEpicUZZbXdYS0VKcG45cG42cUk0NXJOckxRY0NlcERMRE5TaHctV1NOLVFISkY5eTVaMklGd2NNUXA2UzBJNkxnYVJDaFpOZGlKWTRDYmJBTFZMVmlxLUQxY0gyQUNvZmtjaUtsc2dhbm5YVi1OemFCUTZlT3hqcTBMMXdKaGE1SGJxX25wVWs1b3EtUm96WnV1Q3d6NGxELUhwV2FiUEhTV2NTcDZtRGwwMnc?oc=5,NEGATIVE,0.9569635987281799
2025-06-23,Israel Seeks to Wrap Up Fighting With Iran - WSJ,['CBMimANBVV95cUxOLUlwUkNQc1UxMFpHaUNuOXZKMzNRdmpVeFZhQmZyZ1AzXzlKYnFjdmpCcElIMUNjcE5IT0F3Q3ZyRXZLSUFocm4wTUdEcnhyUG5JM0N5d2Jfd3dGUUgxSzY3d3BpVjRLMURKWjlnc3YyR1hTZEZXWkZSaFFTWE9lRE5sQndyUXVuMUM2VVM2N3VjMWxjcjZReWFKS0xJMEVkWkJCeC1pdmptdzFWclMzaVpFNGo0TTRkV21zMkRHMThfZWVlYnMzQkJiZldBR210MG1iTzB4RkJhZDl2YUJkLW5GNDZpOC1fUnQzRllSdi1DaDR6cWtvVWFydktfbklOc3pWcHNjQnQzSF9qeEdKelFBUXA3cDFoQzJIVGhTeURudlJzU1RkYlpkai10b1lhSWkyOWxTQ0dOMGJJZ2hDR3hoM25NMHBYZDZZWjhlSEdNYU8tMTVlM1l3d0pOVl9kY1VxNVk3NzFncGhBc2lJcldZRUtDLWRodU93Y2owYlN0d1FmTDdZMVNnQzdCdHlsRzJTejUyZFc?oc=5'],https://news.google.com/rss/articles/CBMimANBVV95cUxOLUlwUkNQc1UxMFpHaUNuOXZKMzNRdmpVeFZhQmZyZ1AzXzlKYnFjdmpCcElIMUNjcE5IT0F3Q3ZyRXZLSUFocm4wTUdEcnhyUG5JM0N5d2Jfd3dGUUgxSzY3d3BpVjRLMURKWjlnc3YyR1hTZEZXWkZSaFFTWE9lRE5sQndyUXVuMUM2VVM2N3VjMWxjcjZReWFKS0xJMEVkWkJCeC1pdmptdzFWclMzaVpFNGo0TTRkV21zMkRHMThfZWVlYnMzQkJiZldBR210MG1iTzB4RkJhZDl2YUJkLW5GNDZpOC1fUnQzRllSdi1DaDR6cWtvVWFydktfbklOc3pWcHNjQnQzSF9qeEdKelFBUXA3cDFoQzJIVGhTeURudlJzU1RkYlpkai10b1lhSWkyOWxTQ0dOMGJJZ2hDR3hoM25NMHBYZDZZWjhlSEdNYU8tMTVlM1l3d0pOVl9kY1VxNVk3NzFncGhBc2lJcldZRUtDLWRodU93Y2owYlN0d1FmTDdZMVNnQzdCdHlsRzJTejUyZFc?oc=5,NEGATIVE,0.9694840312004089
2025-06-23,What life is like in Iran as Israel warns of more strikes - CNN,"['Israel', 'color=""#6f6f6f"">CNN</font>', 'Iran', 'CBMioAFBVV95cUxPMnc1LUVma3FCUGxRckVvVmViVWZkeDl4LXdwajFFTEladFdNYkV0bTZsM1N6MUtLTE9kVjZfcDNQUXpBZ3RYX1dGbkYwR29CTTdvdEpYRnNfVk15ODZhNFpRUEJGdk9rYktvcy01Z204QmNCNjRsb3pjbnVITjlZZGU4QmhWSzkyQzYwWjVDMm1pYXFMRjMxZ0dMcFpLbVhJ?oc=5']",https://news.google.com/rss/articles/CBMioAFBVV95cUxPMnc1LUVma3FCUGxRckVvVmViVWZkeDl4LXdwajFFTEladFdNYkV0bTZsM1N6MUtLTE9kVjZfcDNQUXpBZ3RYX1dGbkYwR29CTTdvdEpYRnNfVk15ODZhNFpRUEJGdk9rYktvcy01Z204QmNCNjRsb3pjbnVITjlZZGU4QmhWSzkyQzYwWjVDMm1pYXFMRjMxZ0dMcFpLbVhJ?oc=5,NEGATIVE,0.9624173045158386
2025-06-22,"Netanyahu: Israel very close to reaching goals in Iran, will avoid ‘war of attrition’ - The Times of Israel","['Times of Israel</font>', 'Israel', 'Iran']",https://news.google.com/rss/articles/CBMisgFBVV95cUxPTHFmcEpiQ2hKTFZQZkExaEwxQU9JemVQN3pjalhNb3FZajR3b0dfTlI0d1NoSFBlVmNOS1dIY3RBQTVrcS04djFaNUFBbjhLZjFuSXUtTGh3LTdnUUpLcEFJZTZidzIwQVMxQldrdVdCU2NxeVFZakU1UHROaURWNldPSUhOMmJYZnBZZXA4d0hIMzlleWJXY2JBWWRGdXNEV1duZnluN2UtalJHazZZcmJB0gG3AUFVX3lxTE5KV0FVbEhsZkZIa0FUQVhjWFV0SG1CdGc4LWppQkpNQ0NIdk55dlhSUmgtMmltWFRSSV9Yc1BpamZMazdOX2FnX1NjVWNFN1habEdQS3NFTExGVDBXd1QzUVJ5djAxTmZ5aUpiem1yelBSdjRFaGRjcjg1TTEzbl92T29qZWttSXFVODcxMkdsTy1tUHJZcmlJSXpyZGlPTEVDSktfaDdMbWlqR3BlTWoyYTRoTzJtdw?oc=5,POSITIVE,0.9812769889831543
